,Feature,Importance_RF,Importance_Norm_RF,Importance_XGB,Importance_Norm_XGB
0,RNA_helicase,0.0133717434699913,1.0,0.013235601,0.11999465936953363
1,Length,0.0113870098455425,0.8515725620295578,0.0002220996,0.0020135667317343333
2,RdRP_1,0.0103030510130229,0.7705091737771427,0.00016671377,0.0015114358647832292
3,TT_ORF1,0.0097969810154964,0.7326629498601034,0.01232134,0.11170592074180911
4,Gemini_AL1,0.007559654097186,0.5653454326394521,0.00010871538,0.000985619390561064
5,Parvo_coat,0.0072605317799355,0.5429757006802811,0.0015944489,0.014455358138827815
6,Parvo_NS1,0.007182275959612,0.5371233733080787,2.5307122e-06,2.2943570783172073e-05
7,Astro_capsid_N,0.0070437271151403,0.5267620584367135,0.00072191,0.006544874278505375
8,Rhabdo_ncap,0.007023495788565,0.5252490675076921,0.00064134883,0.005814502446311197
9,Phospholip_A2_4,0.007014716219958,0.5245924913008045,0.000121435776,0.0011009431741252238
10,Calici_coat,0.0069192244919082,0.5174511840910079,0.0066606756,0.06038603761120965
11,TTCT,0.0066080079383261,0.4941769899456798,5.199647e-05,0.0004714027497556155
12,Polyoma_lg_T_C,0.0065196890927753,0.48757210362333864,0.0,0.0
13,Polyoma_coat,0.0064870654917821,0.4851323618599393,0.0028546993,0.025880854983913924
14,Papo_T_antigen,0.0063106541127446,0.4719395138642086,0.0,0.0
15,GC_Content,0.0058632269494375,0.43847886871264624,1.3194532e-05,0.0001196223256413072
16,Mononeg_mRNAcap,0.0057497333804199,0.42999130168204175,2.101132e-06,1.9048973947645214e-05
17,Mononeg_RNA_pol,0.0055572880409497,0.4155993609525412,0.0,0.0
18,Vmethyltransf,0.0055004031249691,0.4113452473354007,0.0,0.0
19,Trypsin_2,0.0054706093621681,0.409117133786269,0.0,0.0
20,RdRP_2,0.0054166164660883,0.40507929861533787,0.0,0.0
21,SP2,0.0053983268589242,0.4037115183251203,0.0,0.0
22,DNA_pol_viral_C,0.005281841435209,0.39500020674659536,0.110301584,1.0
23,BDV_P24,0.0052557353214865,0.39304787242451633,0.0,0.0
24,BDV_G,0.0052367234937903,0.39162608118698133,0.00019855695,0.0018001278204672023
25,BDV_P40,0.0052143451861547,0.38995252921630363,0.0,0.0
26,BDV_M,0.0051814529384234,0.38749269682383247,0.0,0.0
27,Viral_helicase1,0.0050581498570694,0.3782715296940027,3.6749595e-06,3.331737738235926e-05
28,Peptidase_C3,0.0049471637539626,0.36997148240728395,1.2311159e-06,1.1161361925681865e-05
29,TTCC,0.0048902948028418,0.3657185627152165,3.205766e-06,2.906364427187193e-05
30,CTTT,0.0048655079541318,0.3638648890513726,2.287429e-05,0.00020737952412360643
31,Fusion_gly,0.0047511571818543,0.3553132164490582,0.0018410472,0.01669103138174335
32,TTTT,0.0047154391776332,0.3526420610906521,4.0365367e-06,3.6595455419751726e-05
33,CCTC,0.0046429941683177,0.3472242926838561,7.822856e-05,0.000709224266443898
34,Rhv,0.0046165031331483,0.3452431721793496,0.0004555213,0.004129780221469893
35,GTCG,0.0046079169636558,0.34460105924084095,5.278804e-06,4.7857916528197825e-05
36,TCCC,0.0045502062518869,0.3402851888460481,1.1960208e-06,1.084318789111859e-05
37,Peptidase_C41,0.0044311599779583,0.3313823652018642,0.002288698,0.020749457233542542
38,RVT_1,0.0043973975516547,0.3288574568846078,1.2386856e-05,0.00011229989226627969
39,AATG,0.0042426858673902,0.3172874110927706,0.0038114525,0.03455483014641023
40,HN,0.0041969332037747,0.3138658181106604,0.018633258,0.1689301034879064
41,Pneumo_phosprot,0.00417349691735,0.31211314565793985,0.0,0.0
42,Pneumo_ncap,0.0041217929494097,0.3082464869790373,0.0,0.0
43,Pneumo_matrix,0.004109364423042,0.30731702505841396,9.242047e-06,8.378888738352116e-05
44,GAGG,0.0040249202061288,0.30100190114785524,3.2814246e-06,2.974956914490004e-05
45,VP40,0.0039924240353193,0.29857168919513366,0.0,0.0
46,TATA,0.00399128970236,0.2984868585997931,9.173936e-06,8.317138945166918e-05
47,Filo_VP35,0.0039898810411046,0.2983815124825451,0.0,0.0
48,Filo_glycop,0.0039821541354642,0.29780365921623464,0.0,0.0
49,Astro_VPg,0.0039783933493879,0.2975224104707184,0.0,0.0
50,Ebola_NP,0.0039765513878646,0.2973846601820269,0.002559789,0.023207182591321627
51,Transcript_VP30,0.0039722616938783,0.2970638572892757,0.0,0.0
52,Filo_VP24,0.0039517506898289,0.29552995080240435,0.0,0.0
53,Late_protein_L2,0.0039233128610551,0.2934032401877698,5.8654372e-05,0.0005317636417623885
54,Pneumovirus_M2,0.0038980365935117,0.2915129655500515,0.0,0.0
55,Late_protein_L1,0.0038647978649362,0.28902722173885037,0.00033780112,0.003062522837387358
56,AAAC,0.0038048266502209,0.2845423006176902,3.549774e-05,0.00032182439011936586
57,PPV_E1_C,0.0037740004769237,0.2822369787001422,6.34959e-06,5.7565719092483755e-05
58,PPV_E1_DBD,0.0037190359065388,0.27812647729034096,0.008083686,0.07328712523294316
59,HDV_ag,0.0036856282639742,0.27562810132017873,0.0027539243,0.024967223498803065
60,Rhabdo_glycop,0.0036203534877382,0.27074655566515704,7.018457e-05,0.0006362970272484936
61,TCTT,0.0035645921956488,0.2665764717703726,3.4594023e-06,3.1363124395384934e-05
62,AAAA,0.003520974009054,0.2633145047207738,3.1418007e-05,0.0002848373147569667
63,Peptidase_S3,0.0034802448702178,0.26026859384702694,0.0,0.0
64,Alpha_E2_glycop,0.0034525780871431,0.25819954554851676,0.0,0.0
65,GCCG,0.0034441676234768,0.2575705726935428,9.10731e-07,8.256735460843428e-06
66,TCGA,0.0034410683832064,0.25733879736242343,2.9647333e-06,2.6878429053203806e-05
67,Peptidase_C9,0.003430969123815,0.2565835286561351,0.0,0.0
68,CCGC,0.003420138850666,0.2557735914049976,7.731618e-07,7.009525810617552e-06
69,PPV_E2_N,0.0033846284302615,0.2531179601117267,1.7195649e-05,0.00015589666418571105
70,Alpha_E3_glycop,0.0033843465044008,0.2530968764092662,0.0,0.0
71,ACAA,0.0033701787262625,0.2520373453039847,8.684936e-06,7.873808956360954e-05
72,Alpha_E1_glycop,0.003364039565515,0.25157823084660097,0.0041182023,0.037335840072795334
73,Macro,0.003343519437017,0.2500436419918229,0.0007000509,0.006346698520666757
74,TTAA,0.0033429185566726,0.24999870541748995,0.0008567581,0.007767414292073993
75,PPV_E1_N,0.0033332155690408,0.2492730717218111,0.0,0.0
76,GP120,0.0033225114773868,0.24847257089871183,0.08298603,0.7523557413282479
77,GGGA,0.0032941338934568,0.2463503656684302,0.011763049,0.10664442497942732
78,CGAG,0.0032935965000828,0.24631017693947302,9.862238e-07,8.941157182293954e-06
79,TGGG,0.0032864099752773,0.2457727358180794,1.9123974e-05,0.0001733789607228125
80,TTTA,0.0032347096293602,0.24190634801060124,2.6873004e-06,2.436320769427935e-05
81,AACA,0.0032129000133045,0.2402753253915505,0.0006323622,0.005733029182971661
82,CGCC,0.0031695238794274,0.2370314601488135,3.9640727e-06,3.593849295944835e-05
83,TCCT,0.0031650854468339,0.23669953390423212,4.2032225e-05,0.000381066377070342
84,CCCC,0.0031267553609605,0.23383303515936613,9.650694e-06,8.74937027196273e-05
85,AATA,0.0030336903917306,0.2268732120488828,4.6367877e-06,4.203736276353022e-05
86,ATGA,0.0030220046748857,0.22599930081426145,0.00050464214,0.004575112357407306
87,PPV_E2_C,0.0030209707611668,0.2259219800279915,1.1588672e-05,0.00010506351386576643
88,ATAT,0.0030119842798627,0.22524992994534765,1.6553315e-06,1.5007323013602416e-05
89,CAAA,0.0029854753324424,0.2232674698809745,3.0403423e-06,2.7563904250006057e-05
90,DUF3729,0.0029685252540382,0.22199986566449822,0.0,0.0
91,TAAA,0.0029450696255988,0.22024574672764913,0.00039500924,0.003581174681951984
92,GAAA,0.002914807351887,0.2179825957945106,1.3281256e-06,1.2040857001654663e-05
93,AAAT,0.0029108442501557,0.21768621696102536,1.2728671e-05,0.00011539880515224514
94,Peptidase_C37,0.002899191635046,0.2168147812252254,0.0,0.0
95,CGAA,0.0028755508464957,0.21504681517028618,1.0102859e-05,9.159305454761195e-05
96,GCCC,0.0028710033618182,0.21470673351319294,2.378505e-06,2.1563652249998515e-05
97,CGTT,0.0028709857492683,0.21470541636633478,1.545817e-05,0.00014014458758815286
98,TAAT,0.002801244701123,0.20948986251564866,6.105296e-06,5.535093675535974e-05
99,AATT,0.0027959879783653,0.20909674079823784,0.017192034,0.15586389040433
100,ATTA,0.0027818964799241,0.20804291423681567,6.231429e-05,0.0005649446521094386
101,TATT,0.002760790839274,0.2064645381112592,0.00017457151,0.0015826745516184064
102,TTAT,0.0027512368211747,0.2057500450370583,2.2185832e-06,2.0113792744807728e-05
103,ACGT,0.0027413218673802,0.2050085595444035,1.6131824e-05,0.00014625197041594616
104,CGCG,0.0027052002744533,0.2023072219807594,2.2973976e-05,0.00020828328267706475
105,E6,0.0027007936426596,0.20197767394511326,7.621121e-06,6.909348645437404e-05
106,TTGA,0.0026962433839328,0.20163738483195373,4.361127e-06,3.953820826362748e-05
107,CTTC,0.0026926471784906,0.201368444177336,4.7798017e-06,4.333393525880825e-05
108,ACCG,0.0026909674640649,0.20124282746703417,7.5518883e-06,6.846581913093832e-05
109,ACAG,0.00264075398506,0.19748763435271904,4.86125e-06,4.407234985854782e-05
110,Gag_p24_C,0.0026282321006096,0.1965511906886223,0.0007145322,0.006477986753118613
111,TCGT,0.0025748125906438,0.19255623594800203,2.6812926e-05,0.0002430874066142151
112,TGAT,0.00255043997253,0.19073354033852546,5.701957e-06,5.1694244028263454e-05
113,Paramyxo_ncap,0.0025386481633657,0.18985169503609628,0.00023221658,0.0021052878080155225
114,TACA,0.0025233305313689,0.18870617261180092,1.6425024e-06,1.4891013713819378e-05
115,AAAG,0.0025099179217775,0.18770311645674528,1.6854454e-05,0.00015280337225256893
116,GCGC,0.0024947625475166,0.18656972840642022,2.559866e-05,0.0002320788067739807
117,ATGG,0.0024663565046556,0.1844453948874032,1.454036e-05,0.0001318236735385414
118,GGAG,0.0024476862363898,0.1830491470228147,8.554394e-06,7.755458888060937e-05
119,ATAA,0.0024476531172578,0.1830466702229812,3.5088547e-06,3.18114624718354e-05
120,Hepatitis_core,0.0024448269951673,0.18283531991575744,0.0037951553,0.03440707886842314
121,TTTC,0.002443950660325,0.18276978359700688,6.5507447e-06,5.938939825197796e-05
122,CTCC,0.0024398214554011,0.1824609828087502,4.9773084e-06,4.512454145717436e-05
123,GATG,0.0023838189740717,0.17827286168190684,6.247019e-06,5.6635804976291186e-05
124,GGCC,0.0023817009175494,0.17811446374920245,2.4952384e-05,0.0002262196343436011
125,CCCG,0.0023697622814647,0.17722163805960617,3.6386245e-06,3.298796234875467e-05
126,T_Ag_DNA_bind,0.0023548105985566,0.1761034829782097,0.0,0.0
127,ACGA,0.0023536956952141,0.17602010541828256,2.7271622e-06,2.472459688339562e-05
128,Matrix,0.0023528177818229,0.1759544510484414,0.0,0.0
129,AGAC,0.0023477511113288,0.17557554230662545,2.2567125e-05,0.0002045947499720403
130,Pico_P2B,0.0023241963427845,0.17381400922029597,0.0,0.0
131,ATTT,0.0023137723710656,0.17303445704429937,1.4505713e-05,0.0001315095620023009
132,Pico_P2A,0.0023112205018645,0.17284361661972594,0.0,0.0
133,TCTC,0.0023038665343484,0.17229365336829178,3.0415524e-06,2.757487508066974e-05
134,AACG,0.0022995473096012,0.17197064203047385,1.21058565e-05,0.00010975233592293652
135,Calici_coat_C,0.0022908856413081,0.17132288294710984,0.0,0.0
136,GGAA,0.0022652483658549,0.16940561049040032,2.962604e-05,0.00026859124706676927
137,CACC,0.0022579889714447,0.16886271984741938,7.215572e-05,0.0006541675775027855
138,Methyltrans_Mon,0.0022574027883593,0.1688188824011869,0.0,0.0
139,G-7-MTase,0.0022498281698018,0.1682524178579133,0.0,0.0
140,ACGC,0.0022485044670527,0.16815342532548322,1.7031894e-05,0.00015441205268638752
141,AGGG,0.0022276243012206,0.16659191123579412,1.687466e-05,0.0001529865609182911
142,AGAA,0.0022249809800638,0.16639423161662312,7.938574e-06,7.197153215859529e-05
143,Calici_PP_N,0.0022220305023577,0.16617358142895525,0.0,0.0
144,CTCT,0.002191284762903,0.16387427472121746,6.117685e-06,5.5463256085243527e-05
145,AGCA,0.0021788800511761,0.16294659376811374,8.460737e-06,7.670548956033124e-05
146,Pico_P1A,0.002176725087513,0.16278543575099083,0.0,0.0
147,GAAT,0.0021692693838603,0.1622278642069785,1.5764692e-06,1.4292353226767805e-05
148,CCCT,0.0021045636001623,0.15738887041060393,0.0003118175,0.0028269539628732803
149,GACG,0.0020735493979965,0.15506948683617314,1.2450527e-05,0.00011287713692307447
150,rve,0.0020727001829808,0.15500597866181984,0.0017368312,0.015746203608463138
151,CGGC,0.0020663050571509,0.15452772196745143,1.1830842e-06,1.0725903990644414e-05
152,TCGC,0.0020502496811663,0.15332702768097856,2.408572e-06,2.183624126377007e-05
153,CGCA,0.002036914891798,0.15232979127734683,4.0054374e-06,3.631350751952937e-05
154,Flavi_glycoprot,0.0020153374288127,0.15071613012435478,0.0,0.0
155,TGGA,0.0019996166449969,0.1495404581672102,6.5113004e-06,5.9031794139964486e-05
156,GGGC,0.0019906080111321,0.14886675141498174,0.00024619623,0.0022320280550096184
157,CGAC,0.0019883597390249,0.14869861536658643,1.8822747e-06,1.7064802079360894e-05
158,GGAT,0.0019590271112084,0.1465049875960322,7.144846e-06,6.47755520899863e-05
159,Flavi_glycop_C,0.0019465087589699,0.14556880808686098,0.024799451,0.2248331356692031
160,GGGG,0.0019457528634718,0.14551227877190692,1.6644697e-05,0.0001509017041858619
161,CATC,0.0019294817727151,0.14429545235034003,8.476521e-06,7.68485881399491e-05
162,CGTG,0.001910705047111,0.14289124312016457,3.171758e-05,0.00028755325943460614
163,TCAT,0.0018923231078198,0.14151655781211536,0.0014190786,0.012865441714780814
164,GTGA,0.0018787687675551,0.14050290239050797,6.889195e-06,6.245780658961343e-05
165,AAGG,0.0018691354149157,0.13978247631734714,1.8322786e-05,0.00016611534789926497
166,GCGT,0.001837889240875,0.13744574482748403,2.8508998e-06,2.5846408515765286e-05
167,ATTG,0.0018351771444065,0.13724292187664097,3.8337774e-05,0.0003475722887170868
168,CCGA,0.0018351192994276,0.13723859596513738,2.476987e-06,2.245649527571608e-05
169,Adeno_hexon_C,0.0018336788864307,0.1371308753077577,0.0,0.0
170,Adeno_hexon,0.0018233548381436,0.13635879586200186,0.006436172,0.05835067608820559
171,TCTG,0.0018229773297231,0.13633056405951874,2.3824437e-06,2.159936071271651e-05
172,ACCA,0.0018229060831668,0.13632523591689769,2.9046105e-06,2.6333352565453642e-05
173,ATCG,0.0018159550474575,0.13580540574479638,1.070633e-05,9.706415458185986e-05
174,CCCA,0.0018122663630571,0.1355295490916473,6.494425e-06,5.887880087016702e-05
175,TCCG,0.0018091951160594,0.13529986722521062,8.02835e-06,7.278544612741011e-05
176,Astro_capsid_p,0.0018073025876258,0.13515833531219965,0.0,0.0
177,CTCG,0.0017899733539678,0.13386237613553056,1.138194e-07,1.031892706092054e-06
178,TGCG,0.0017894282659341,0.1338216119648057,4.3491473e-06,3.942959966921236e-05
179,GCCA,0.0017792997522658,0.13306415549018588,3.0807737e-06,2.7930457462877416e-05
180,GGGT,0.0017784178950331,0.1329982061818792,1.38246905e-05,0.0001253353759634132
181,CGTC,0.0017724975455588,0.1325554554300729,3.74359e-06,3.3939585128714024e-05
182,GCAC,0.0017714796913424,0.13247933564668907,5.790683e-06,5.2498638641490404e-05
183,TGAG,0.0017691368955181,0.1323041306833604,5.0198876e-05,0.0004551056673855201
184,CAAT,0.0017581546277499,0.13148282658095625,5.569769e-05,0.0005049582062212271
185,IN_DBD_C,0.0017430366890024,0.13035223812916402,0.0,0.0
186,GP41,0.001733403165176,0.1296317992538581,0.0,0.0
187,RNase_H,0.0017272064147474,0.1291683779773053,1.5333244e-05,0.00013901200185846834
188,CTCA,0.0017252346103222,0.1290209174438584,1.5602465e-05,0.0001414527736972481
189,CTGC,0.0017158610027493,0.1283199162921435,2.0257446e-06,1.836550778817465e-05
190,ACCC,0.0017014560567446,0.12724264869147292,0.00044601754,0.004043618630173072
191,TCAA,0.0016962661898979,0.12685452676419043,3.3785568e-06,3.0630174812358094e-05
192,TCGG,0.0016852293953905,0.12602914490339057,3.1648683e-06,2.8692863558514267e-05
193,CCTG,0.0016711307724707,0.12497478554094543,1.2071501e-05,0.00010944086714112828
194,Flavi_NS5,0.0016586872103523,0.12404419917826762,0.0,0.0
195,CCGG,0.0016586467575906,0.12404117393613738,1.9655934e-05,0.0001782017382452096
196,TGAC,0.0016530480121609,0.12362247420245907,3.3148677e-05,0.0003005276606000509
197,TGAA,0.0016304035493976,0.12192901793670596,2.4311003e-06,2.2040484024236682e-05
198,GACA,0.0016221384082066,0.12131091295962886,8.7903545e-06,7.969381926555108e-05
199,AGGA,0.0016195276213705,0.12111566640543349,7.434397e-06,6.740063678505288e-05
200,TATG,0.0016156546955393,0.12082603133728465,2.3623506e-06,2.1417195604371376e-05
201,RNA_capsid,0.0016042595414107,0.11997384970860077,0.0,0.0
202,CTTG,0.0015958195952133,0.1193426720154046,4.1488984e-06,3.7614132540471954e-05
203,GATT,0.0015880288783078,0.11876004665148077,3.78015e-06,3.42710400242303e-05
204,GCCT,0.0015842052619954,0.11847409917417678,5.2134246e-06,4.726518342655896e-05
205,TGCC,0.0015720953467002,0.11756846444356914,2.8716233e-06,2.603428886388431e-05
206,AGCT,0.0015643407633259,0.1169885413100075,0.012619186,0.11440620834601976
207,CCAC,0.0015639335850115,0.11695809065745692,3.069895e-05,0.0002783183059275015
208,GGCG,0.0015496496253352,0.11588987096655753,7.2773537e-06,6.597687391325224e-05
209,CoV_M,0.001549423126612,0.11587293235838664,0.0046120556,0.04181314023559263
210,Flavi_NS4B,0.0015485916811119,0.11581075306950288,0.0,0.0
211,CGCT,0.0015425941918301,0.11536223345085633,2.2858361e-05,0.00020723511096631215
212,CoV_nucleocap,0.0015425343754674,0.11535776011027556,0.0,0.0
213,ATAC,0.0015409234926925,0.11523729094494081,1.8391187e-05,0.00016673547498646983
214,AAGA,0.001531966220381,0.11456742524406181,3.3490883e-06,3.036301183127162e-05
215,CoV_S2,0.0015293314168267,0.11437038261007673,0.0003659224,0.003317471850630903
216,GCAA,0.0015291524904273,0.11435700167738075,2.0495507e-05,0.00018581335151089036
217,Flavi_NS5_thumb,0.0015280563678636,0.11427502862980023,3.068086e-08,2.781543010298021e-07
218,GATC,0.001520875175511,0.11373798629356965,0.00034625322,0.0031391500234484396
219,Flavi_NS1,0.001519592883784,0.11364209066635561,0.0,0.0
220,CGAT,0.0015138500227456,0.11321261330977246,2.9479197e-05,0.0002672599606547808
221,Flavi_DEAD,0.0015138210496754,0.11321044657136134,7.749188e-06,7.025454865634569e-05
222,CCTT,0.0015003048231044,0.11219964146570456,1.0387352e-05,9.417228314690386e-05
223,CACG,0.0014996708873264,0.11215223285519518,2.7808499e-05,0.00025211332413866333
224,Herpes_Helicase,0.0014968341280665,0.1119400870518999,0.0,0.0
225,Rubi_NSP_C,0.001492099979736,0.11158604583497674,0.0,0.0
226,DNA_pol_B_2,0.0014909039973958,0.11149660481758929,0.0,0.0
227,Adeno_IVa2,0.0014900427159212,0.1114321942583729,0.0,0.0
228,CAGG,0.0014888455292913,0.1113426631787058,7.824032e-06,7.09330883226482e-05
229,Adeno_terminal,0.0014849609422421,0.11105215603145774,0.0,0.0
230,Hex_IIIa,0.0014842730583578,0.11100071293536158,0.0,0.0
231,Adeno_E1B_55K,0.0014830261670611,0.11090746471387884,0.0,0.0
232,Peptidase_S7,0.001478592661473,0.11057590693324616,0.0,0.0
233,Adeno_100,0.0014785073751131,0.11056952883003984,0.0,0.0
234,GGCT,0.0014771786017341,0.11047015709276549,1.8562534e-06,1.6828891595972005e-05
235,Rubella_Capsid,0.0014732168224529,0.11017387715813386,0.0,0.0
236,Peptidase_C27,0.0014686887029035,0.1098352437136947,0.0,0.0
237,Flavi_M,0.0014684047676752,0.10981400974155509,0.0,0.0
238,Flavi_propep,0.0014676310548024,0.10975614796200955,0.0,0.0
239,Flavi_NS4A,0.0014630264982738,0.10941179821143786,0.0,0.0
240,Rubella_E1,0.0014569901971277,0.10896037606445706,0.0,0.0
241,AGGC,0.0014556642389857,0.10886121486345318,0.010120137,0.09174969781032338
242,Adeno_Penton_B,0.0014513532011843,0.10853881578280415,0.0,0.0
243,Rubella_E2,0.0014440677250498,0.10799397462945343,0.0,0.0
244,TGGT,0.0014432891241962,0.10793574730439688,3.1413074e-06,2.8479259191780966e-05
245,GCGA,0.0014372439375597,0.10748366065989412,1.2612882e-05,0.00011434905594828085
246,AGTA,0.0014292619370071,0.10688673023189772,5.0235783e-05,0.0004554402682014068
247,TTGT,0.001416197093287,0.10590968159576288,3.443133e-06,3.1215626060274896e-05
248,CGTA,0.001413880994366,0.10573647314869704,4.9526266e-06,4.4900774951699695e-05
249,zf-CCHC,0.0014115855677867,0.10556481067368385,0.0,0.0
250,TGCA,0.0014064131541942,0.10517799398040015,8.841376e-06,8.015638288567099e-05
251,TTAC,0.0014063374843509,0.10517233504419114,1.8156304e-06,1.6460601327357186e-05
252,CGGG,0.0014020449910317,0.10485132280455065,1.0753502e-05,9.749181843118409e-05
253,ACAC,0.0013977388933738,0.10452929317037739,1.3860434e-05,0.0001256594284267033
254,GTTA,0.001376551056795,0.10294477005816323,2.275011e-06,2.0625370166941573e-05
255,GAGA,0.0013713712574573,0.10255740102514786,0.00027130955,0.0024597067436493026
256,GTCT,0.001366045092844,0.10215908612887029,2.524997e-06,2.2891756477404716e-05
257,ATCA,0.0013631328655482,0.1019412964814443,0.0002515474,0.002280542045524931
258,AGAT,0.0013598558695827,0.10169622776823917,7.88202e-06,7.145881060058032e-05
259,CAAG,0.0013556246343619,0.1013797966887546,1.4919616e-05,0.00013526202851266397
260,GTTT,0.0013466662060092,0.10070984453383895,8.214896e-06,7.44766820393078e-05
261,Adeno_PVIII,0.0013388467153237,0.10012506733533463,0.0,0.0
262,ATAG,0.0013285076754779,0.0993518667524037,2.0906057e-06,1.8953541954574286e-05
263,TGTC,0.0013226115966642,0.09891093107135869,2.8782097e-06,2.609400151497371e-05
264,GCTC,0.0013219603536871,0.09886222814951745,2.8448053e-06,2.5791155456117476e-05
265,GAAG,0.0013217089482769,0.09884342690562847,2.3024186e-06,2.0873848919522316e-05
266,GTTG,0.0013212614686417,0.09880996233638932,2.9119542e-06,2.639993093843512e-05
267,GGTT,0.001317883579778,0.09855734839182176,2.3511173e-05,0.00021315353911871294
268,P3A,0.001300676396431,0.09727051669439829,0.0,0.0
269,Flavi_NS2A,0.001296288527312,0.09694237181719158,0.0,0.0
270,ACTA,0.0012892975973539,0.09641955817110355,4.71059e-06,4.2706458322484295e-05
271,CAGA,0.0012829270233403,0.0959431375736028,3.802877e-06,3.447708420941625e-05
272,TACG,0.0012803035494965,0.09574694222707318,0.00013836255,0.0012544022033264726
273,Viral_DNA_Zn_bi,0.0012678683589116,0.09481698192587484,0.0,0.0
274,AGAG,0.0012666335096898,0.09472463426570837,6.792227e-06,6.157868956804826e-05
275,F-protein,0.001266113434401,0.09468574066219532,0.0,0.0
276,Adeno_PV,0.0012570016488525,0.09400431975631655,0.0,0.0
277,GGAC,0.0012563254331411,0.09395374925943875,1.1014661e-05,9.985949975115498e-05
278,MCPVI,0.0012491112806136,0.09341424201091204,0.0,0.0
279,Adeno_52K,0.0012466597918853,0.09323090849619112,0.0,0.0
280,GGTC,0.0012459423424736,0.09317725435503069,5.4223706e-06,4.9159498924330955e-05
281,Peptidase_C5,0.0012369040488069,0.09250132950746061,0.0,0.0
282,CTGA,0.0012307469076632,0.09204087039399364,1.0890173e-05,9.873088495265853e-05
283,AACC,0.0012295123188709,0.09194854220993368,3.2034236e-06,2.9042407949463358e-05
284,CACA,0.0012294991252781,0.09194755553285379,3.166394e-06,2.8706695635486073e-05
285,CGGA,0.0012225786748847,0.09143001267025469,8.922522e-06,8.089205681760654e-05
286,GAGC,0.0012224862791631,0.09142310289653616,2.9994176e-06,2.7192878753218995e-05
287,Herpes_UL6,0.0012195305980659,0.09120206357553563,0.0,0.0
288,CATG,0.0012194935042518,0.09119928953083584,1.7441202e-05,0.00015812286068348758
289,Herpes_glycop,0.001218846145194,0.09115087706620452,0.0,0.0
290,Adeno_knob,0.0012167472888419,0.09099391500984963,0.0,0.0
291,Glycoprot_B_PH1,0.0012145061623211,0.09082631334101493,0.0,0.0
292,TCAG,0.0012135562842327,0.09075527712269892,1.0361516e-05,9.393805260312491e-05
293,AGCG,0.0012126707362937,0.09068905180653222,6.2127e-06,5.632466710541528e-05
294,Glycoprotein_B,0.001210598902524,0.09053411062220951,0.0,0.0
295,CoV_NSP4_N,0.0012096609102098,0.09046396327633012,0.0,0.0
296,CoV_ExoN,0.0012091099278547,0.09042275830135162,0.0,0.0
297,Viral_DNA_bi,0.0012081821242111,0.09035337291075674,0.0,0.0
298,CoV_Methyltr_2,0.0012073110771302,0.0902882320349349,0.0,0.0
299,Adeno_E3_15_3,0.0012063568272132,0.0902168688713249,0.0,0.0
300,CoV_NSP4_C,0.0012060843850252,0.09019649440118856,0.0,0.0
301,AAA_11,0.001205769045179,0.0901729118484042,0.0,0.0
302,CoV_NSP10,0.001205691503906,0.09016711295814177,0.0,0.0
303,CoV_RPol_N,0.0012052361093047,0.09013305647161687,0.0,0.0
304,CoV_NSP15_C,0.0012047665464003,0.09009794041472767,0.0,0.0
305,GACC,0.0012024391882802,0.08992388995337064,1.35648e-06,1.2297919493159771e-05
306,CoV_NSP8,0.0012003738643794,0.0897694356067527,0.0,0.0
307,CoV_NSP3_C,0.0012003228552215,0.08976562090913945,0.0,0.0
308,CoV_peptidase,0.0012002877963937,0.08976299905000204,0.0,0.0
309,Peptidase_C30,0.0011998098061384,0.08972725275735347,0.0,0.0
310,Flavi_NS2B,0.0011994116605398,0.08969747761251214,0.0,0.0
311,Adeno_E4_34,0.0011993828034288,0.0896953195460592,0.0,0.0
312,CoV_NSP9,0.0011969243144126,0.08951146251786259,0.0,0.0
313,CoV_NSP15_N,0.0011967055171665,0.0894950998612957,0.0,0.0
314,CoV_NSP6,0.0011935002121836,0.0892553925269385,0.0,0.0
315,GACT,0.0011882805389756,0.08886504154393363,1.6120463e-05,0.00014614897098848555
316,AAA_12,0.0011847386287355,0.0886001613323106,0.0,0.0
317,TTGG,0.0011779549819236,0.08809284926585317,3.3537253e-06,3.0405051118758187e-05
318,Integrase_Zn,0.0011778240851832,0.08808306021024544,0.0,0.0
319,Herpes_MCP,0.0011778006565631,0.08808130811111547,0.0,0.0
320,CTGG,0.0011776324266661,0.08806872711168354,2.7670378e-06,2.508611118404247e-05
321,DNA_pol_B_exo1,0.0011760478184292,0.08795022287620698,0.0,0.0
322,CTGT,0.0011742031308203,0.08781226871839354,1.4461915e-05,0.00013111248701559898
323,Adeno_VII,0.0011717410407969,0.08762814239044495,0.0,0.0
324,GCGG,0.001160543551226,0.08679074301944824,1.377213e-06,1.2485885968781737e-05
325,Vif,0.0011526290536651,0.08619886077322794,0.0,0.0
326,TGTT,0.0011430895121792,0.08548545032624259,8.6795435e-06,7.868920087312618e-05
327,CAAC,0.0011393332826604,0.08520454234089052,2.9123541e-06,2.6403556453006155e-05
328,RVT_connect,0.0011363883752106,0.0849843087224092,0.0,0.0
329,TTCG,0.0011348854619849,0.0848719140126937,1.6035317e-06,1.4537703284478671e-05
330,ACTT,0.0011321173750578,0.08466490383983837,6.876825e-06,6.234565951473554e-05
331,CCGT,0.0011293303287409,0.08445647579729068,7.1778054e-06,6.507436375528388e-05
332,Gag_p17,0.0011222747120668,0.08392882458337575,4.060202e-05,0.00036810006282412053
333,UDG,0.0011120394637535,0.08316338600490843,0.0,0.0
334,Pneumo_NS1,0.0011114846573599,0.0831218950508795,0.0,0.0
335,ACGG,0.0011060010957062,0.08271180928562337,1.623076e-05,0.00014714892942969886
336,GGCA,0.0010977806871272,0.08209704961741345,3.906139e-06,3.541326296819092e-05
337,CATT,0.0010941637048544,0.08182655517658625,6.679565e-06,6.0557289911629916e-05
338,GGTG,0.00108977389077,0.08149826484599088,1.0527698e-05,9.54446674129358e-05
339,CTAT,0.0010890448345158,0.08144374269217929,9.492252e-06,8.605725915957834e-05
340,Pneumo_M2,0.0010871049895145,0.08129867223030172,0.0,0.0
341,TGTG,0.001083065682916,0.08099659444907858,2.4497334e-05,0.0002220941269528822
342,GCTG,0.0010710884821949,0.08010088471997863,4.464984e-06,4.0479781323901936e-05
343,TTTG,0.001066047213624,0.07972387564990384,8.705114e-06,7.892102437984935e-05
344,GTCC,0.0010619208059795,0.07941528405496631,2.934415e-06,2.6603561740328226e-05
345,AGTG,0.0010599871758118,0.07927067836670738,1.4533914e-06,1.317652337612849e-05
346,Arena_ncap_C,0.0010433095734049,0.07802345114878119,0.0,0.0
347,Arena_glycoprot,0.001041959937915,0.07792251924764737,0.0004333171,0.003928475768761399
348,Arena_nucleocap,0.0010300236645392,0.07702987025220506,0.0,0.0
349,DNA_pack_C,0.0010162293725065,0.07599827014234227,0.0,0.0
350,TGGC,0.0010141903072692,0.07584577953841497,3.680992e-06,3.337206834672474e-05
351,AGGT,0.0010003642781356,0.07481180598331137,8.051704e-06,7.299717472778995e-05
352,TAGA,0.0009893549972098,0.07398848171370459,5.5544206e-07,5.035667121516587e-06
353,TGTA,0.0009892928639682,0.07398383510634636,0.00072567264,0.0065789865719426115
354,PP_M1,0.0009817858994699,0.07342243004236595,0.0,0.0
355,GTGC,0.0009816988763551,0.07341592205670236,1.5809405e-06,1.4332890269282081e-05
356,TATC,0.0009808450610151,0.07335206984910385,2.5689828e-06,2.3290534068848915e-05
357,AACT,0.0009788829981291,0.07320533783241483,2.7145015e-06,2.4609814306927814e-05
358,TAAC,0.000971809063909,0.07267631674881603,2.2732388e-06,2.0609303307919855e-05
359,Astro_1A,0.0009609076418494,0.0718610586574486,0.0,0.0
360,GATA,0.0009595622202352,0.07176044188917008,3.208405e-06,2.9087569585582744e-05
361,TGCT,0.00095802549413,0.07164551849801702,4.4635076e-06,4.046639620334011e-05
362,GTAT,0.0009552281419193,0.07143631973369899,2.7078936e-06,2.454990673570019e-05
363,AAGT,0.0009548494869096,0.07140800218404289,3.6557336e-05,0.00033143074355124403
364,GCTT,0.000952976998975,0.07126796899100399,1.5219794e-05,0.0001379834581523326
365,Rhabdo_M2,0.0009340504200732,0.06985255304735574,0.0,0.0
366,GCTA,0.0009315271711932,0.06966385298100594,1.8043704e-05,0.0001635851757124358
367,Flavi_capsid,0.0009271112987508,0.06933361388747934,0.0,0.0
368,CAGC,0.0009256492540394,0.06922427551177082,1.8414376e-06,1.6694570768811446e-05
369,CoV_NSP2_C,0.0009208281984882,0.06886373497627375,0.0,0.0
370,CoV_NSP7,0.0009202224222952,0.06881843226803981,0.0,0.0
371,Herpes_VP19C,0.0009142606018717,0.06837258012939541,0.0,0.0
372,Herpes_UL52,0.0009132517393211,0.06829713278381448,0.0,0.0
373,CoV_NSP15_M,0.000913142088288,0.0682889325791556,0.0,0.0
374,Viral_DNA_bp,0.0009111323631442,0.06813863616131673,0.0,0.0
375,Herpes_V23,0.0009099478437038,0.06805005239188844,0.0,0.0
376,DNA_pack_N,0.0009098223063859,0.06804066413835352,0.0,0.0
377,Herpes_UL69,0.000908180343897,0.06791787069017044,0.0,0.0
378,Viral_alk_exo,0.0009053689882552,0.06770762468536866,0.0,0.0
379,DNA_pol_B,0.0009020549871911,0.06745978856201366,0.0,0.0
380,ATCT,0.0009017364657636,0.06743596807606023,1.0892423e-06,9.875128357177537e-06
381,CCTA,0.0009005246466944,0.06734534271580563,8.726804e-06,7.911766706813567e-05
382,CTTA,0.0008949646317781,0.06692953942667001,1.701462e-06,1.5425544568788787e-05
383,Herpes_env,0.0008916649497418,0.06668277414556026,0.0,0.0
384,Ribonuc_red_lgC,0.0008909827332444,0.06663175488252017,0.0,0.0
385,GTGG,0.0008903744345908,0.06658626353317107,1.8951911e-06,1.7181902845565664e-05
386,Herpes_UL17,0.0008880319433329,0.06641108134670773,0.0,0.0
387,CCAT,0.0008820503392062,0.06596374969245308,1.4252508e-06,1.2921399206742127e-05
388,E7,0.0008792205499411,0.06575212513717721,0.0,0.0
389,AGTC,0.0008773593319377,0.06561293476102491,5.810747e-06,5.268053992769497e-05
390,Herpes_UL7,0.000875560003807,0.06547837279199387,0.0,0.0
391,GTCA,0.0008752518450403,0.0654553272731061,1.9710718e-05,0.00017869841288951934
392,AGCC,0.0008743340480458,0.06538669022539728,6.3488233e-06,5.755876814969403e-05
393,GTAA,0.0008724933845688,0.06524903701053186,0.0002793417,0.0025325266407778876
394,ACCT,0.0008657668192426,0.06474599375807225,3.2709704e-06,2.965479081424615e-05
395,Herpes_UL25,0.0008618516250615,0.06445319766982194,0.0,0.0
396,ACTC,0.0008589673677067,0.06423749974222763,6.3482785e-06,5.755382896405187e-05
397,GCAG,0.0008584081678301,0.06419568022348986,4.1240123e-06,3.738851384038148e-05
398,CCAA,0.0008566251262747,0.06406233623888519,4.070556e-06,3.690387619456127e-05
399,ATGT,0.0008529109712026,0.06378457477266837,1.815578e-06,1.6460126266183088e-05
400,RVT_thumb,0.0008501178980581,0.06357569601644872,0.0,0.0
401,PRTP,0.0008414306040359,0.062926020524117,0.0,0.0
402,RVP,0.0008264093739972,0.06180266439090891,0.0,0.0
403,GTAC,0.0008178675295382,0.06116386628068719,4.021796e-06,3.646181545316702e-05
404,Vpu,0.0008177511446266,0.06115516248586334,0.0,0.0
405,GTGT,0.0007981095516961,0.05968627453010952,1.93994e-06,1.7587598742009002e-05
406,CTAC,0.0007970798104497,0.05960926578037461,1.6949975e-06,1.5366937069552872e-05
407,AATC,0.0007966730881887,0.05957884923357854,2.188601e-06,1.9841972532325554e-05
408,TAGG,0.0007881268403892,0.05893972182145914,5.1830075e-06,4.698942038765282e-05
409,AAGC,0.0007877793821871,0.05891373731144519,1.94525e-06,1.763573948312474e-05
410,CTAA,0.000781501557949,0.058444252965429384,1.1600283e-05,0.00010516877980646226
411,CACT,0.0007749048745642,0.05795092287727714,3.5669014e-05,0.00032337716927075135
412,Glycoprotein_G,0.0007540779975089,0.056393393965505884,0.0,0.0
413,ATCC,0.0007469933238761,0.05586356973961497,7.3206484e-06,6.636938595550904e-05
414,TTCA,0.0007276211833736,0.0544148326661006,2.215676e-06,2.0087435915698184e-05
415,TACC,0.0007259685127725,0.054291238416419633,5.0350736e-06,4.564824381851126e-05
416,TTGC,0.0007216231464201,0.05396627209006497,1.396028e-06,1.2656463754863213e-05
417,Herpes_glycoH_C,0.0007209234834624,0.05391394810110496,0.0,0.0
418,TAAG,0.0007202390585511,0.053862763682795106,2.1481765e-06,1.9475481875219488e-05
419,AGTT,0.0007187574617185,0.05375196311023515,2.4261221e-06,2.1995351399486703e-05
420,TCAC,0.0007164946463717,0.053582739452013,6.631705e-06,6.012338861788241e-05
421,GAGT,0.0006996473669574,0.052322823013135115,2.6168095e-06,2.3724133463033494e-05
422,GAAC,0.000690228682755,0.05161845082535442,2.0032792e-06,1.8161835282438012e-05
423,Polyoma_coat2,0.0006875089348085,0.05141505566206823,0.0,0.0
424,TCTA,0.0006805780939861,0.05089673575577073,9.742541e-07,8.832639248408255e-06
425,TTAG,0.000677474714828,0.05066465089974096,2.584729e-06,2.343328995166561e-05
426,GTTC,0.0006767866100106,0.05061319128125933,1.3788742e-06,1.2500946495927023e-05
427,CATA,0.0006695882730269,0.05007486679127383,2.1905203e-06,1.9859373007734865e-05
428,TACT,0.0006668183772105,0.0498677213414216,1.546262e-06,1.401849315237395e-05
429,CAGT,0.0006542274226098,0.048926112296276775,6.026117e-06,5.463309574955877e-05
430,ACAT,0.0006305029914195,0.04715189106300663,2.4027718e-06,2.178365634350274e-05
431,Glycoprot_B_PH2,0.0006270375197471,0.046892727276311406,0.0,0.0
432,Herpes_U34,0.0006259194952165,0.04680911629969426,0.0,0.0
433,ATTC,0.0006241586730582,0.046677433983005216,3.0396618e-06,2.755773480097983e-05
434,ATGC,0.0006174667439904,0.04617698098801485,4.667203e-06,4.2313109483541055e-05
435,TAGT,0.0006137342554742,0.04589784846318169,1.2154128e-06,1.101899678974692e-05
436,Hanta_nucleocap,0.0006053135337912,0.04526810846690539,0.00058775285,0.005328598454216216
437,NP1-WLL,0.0005951593978952,0.04450873584516853,0.0,0.0
438,Peptidase_S21,0.0005942043623629,0.04443731392966115,0.0,0.0
439,CCAG,0.0005932361590945,0.04436490727075592,4.1803883e-06,3.7899621640972995e-05
440,GTAG,0.0005897900999273,0.04410719523979051,5.844777e-05,0.0005298905770927098
441,CGGT,0.0005864866847306,0.04386015077590937,3.2696184e-06,2.9642533510670163e-05
442,ACTG,0.0005825123462763,0.04356293160899826,0.00010569405,0.0009582278528293846
443,TAGC,0.0005783471621513,0.04325144013188852,9.098799e-06,8.249019343185498e-05
444,CTAG,0.0005755499114806,0.04304224896119507,5.937807e-06,5.3832472614355206e-05
445,Gag_p6,0.000564762025057,0.042235481582819166,0.0,0.0
446,CoV_S1_C,0.0005639244006652,0.042172840208216086,0.0,0.0
447,GGTA,0.0005316841988323,0.03976177078370513,1.3649435e-06,1.237465003222438e-05
448,Herpes_UL31,0.0005306126348466,0.039681634338663035,0.0,0.0
449,Viral_Rep,0.0005142644443841,0.03845904204924405,0.00046004323,0.004170776278244563
450,VPR,0.0005133814867846,0.03839301045048645,0.0,0.0
451,Paramyx_P_V_C,0.0004831906011371,0.036135198242582975,0.0,0.0
452,GCAT,0.0004525401036165,0.03384301416132346,1.3989677e-06,1.2683115230693333e-05
453,TCCA,0.0004438888352971,0.033196032835454095,5.8774394e-06,5.3285176756845125e-05
454,RdRP_4,0.0004217377096981,0.03153947057424176,0.0,0.0
455,Astro_p19,0.0003392385606107,0.025369807712211572,0.0,0.0
456,Astrovir_pp_1,0.0003312608107321,0.024773195169015275,0.0,0.0
457,Adeno_E1A,0.0003038325321728,0.022721983326606375,0.0,0.0
458,Pox_E6,0.0003026523974638,0.022633727467402342,0.0,0.0
459,Pox_Ag35,0.0003023974455402,0.02261466099905645,0.0,0.0
460,Pox_mRNA-cap,0.0003022274204915,0.022601945749988025,0.0,0.0
461,Pox_A3L,0.0003021763213601,0.022598124323745843,0.0,0.0
462,RNA_pol_Rpb2_6,0.0003021145614756,0.022593505637735403,0.0,0.0
463,Pox_D3,0.000302024615729,0.022586779084328074,0.0,0.0
464,RNA_pol_Rpb2_7,0.0003019148697776,0.02257857178124555,0.0,0.0
465,Pox_RNA_pol_35,0.0003019073863064,0.02257801213311763,0.0,0.0
466,Pox_J1,0.0003018793219902,0.022575913355477824,0.0,0.0
467,PLDc_3,0.0003018751453013,0.022575601003621142,0.0,0.0
468,NPHI_C,0.0003017878902709,0.022569075674250604,0.0,0.0
469,Pox_VLTF3,0.0003017559137911,0.022566684327163234,0.0,0.0
470,Pox_E8,0.0003017262948973,0.02256446929111603,0.0,0.0
471,Pox_G9-A16,0.0003016114357346,0.022555879598757832,0.0,0.0
472,Pox_F15,0.000301609835355,0.02255575991506785,0.0,0.0
473,DNAP_B_exo_N,0.0003015180851056,0.022548898412706103,0.0,0.0
474,rpo30_N,0.0003015119581427,0.022548440210459424,0.0,0.0
475,Pox_A8,0.0003015076790097,0.02254812019736542,0.0,0.0
476,Pox_G7,0.0003014949586811,0.0225471689131422,0.0,0.0
477,VirDNA-topo-I_N,0.0003013942320083,0.022539636112873778,0.0,0.0
478,Pox_P4B,0.0003013909066546,0.0225393874277485,0.0,0.0
479,Pox_F16,0.0003013686594709,0.022537723681824127,0.0,0.0
480,Peptidase_C92,0.0003013442544475,0.022535898562799462,0.0,0.0
481,Pox_P35,0.0003013102731564,0.022533357286773917,0.0,0.0
482,Chordopox_A35R,0.0003012697386526,0.02253032593159641,0.0,0.0
483,DSPc,0.0003012085375717,0.022525749035469344,0.0,0.0
484,Pox_Rap94,0.0003011954642254,0.022524771350971484,0.0,0.0
485,Pox_RNA_pol,0.0003011790367216,0.02252354282726873,0.0,0.0
486,RNA_pol_Rpb2_3,0.0003011667378275,0.022522623059840676,0.0,0.0
487,PARP_regulatory,0.0003011029330232,0.022517851445395396,0.0,0.0
488,Pox_I3,0.0003010809941727,0.022516210758034824,0.0,0.0
489,Pox_A11,0.0003008718818751,0.022500572386115015,0.0,0.0
490,Pox_G5,0.0003008454836318,0.02249859820500997,0.0,0.0
491,Pox_A22,0.0003007224207569,0.022489395001614974,0.0,0.0
492,Pox_Rif,0.0003006592881597,0.022484673657884317,0.0,0.0
493,Pox_E2-like,0.0003006571393443,0.02248451295966237,0.0,0.0
494,Pox_I1,0.000300608022668,0.022480839790459697,0.0,0.0
495,Pox_ser-thr_kin,0.0003005093805022,0.022473462879137596,0.0,0.0
496,Pox_F12L,0.0003004964801773,0.022472498133969628,0.0,0.0
497,3Beta_HSD,0.0003004555673969,0.022469438489541672,0.008991964,0.08152162166592276
498,Pox_polyA_pol_C,0.0003004551896493,0.02246941023985225,0.0,0.0
499,Pox_TAP,0.0003004385033845,0.022468162364821038,0.0,0.0
500,Peptidase_C57,0.0003004174760945,0.02246658984811466,0.0,0.0
501,Pox_A6,0.0003004063077554,0.022465754628748908,0.0,0.0
502,Pox_EPC_I2-L1,0.0003003764874215,0.022463524528091732,0.0,0.0
503,RNA_pol_Rpb1_1,0.0003003525959203,0.022461737812600698,0.0,0.0
504,rpo132,0.0003003466468532,0.022461292914213785,0.0,0.0
505,Chordopox_L2,0.000300332255376,0.022460216653871795,0.0,0.0
506,Pox_H7,0.0003003235242503,0.022459563700446564,0.0,0.0
507,Pox_VP8_L4R,0.0003003095196474,0.022458516372330272,0.0,0.0
508,Chordopox_A33R,0.0003002613147421,0.022454911389523942,0.0,0.0
509,Chordopox_G2,0.0003002477097937,0.02245389394939502,0.0,0.0
510,Pox_int_trans,0.0003001765962002,0.022448575750338956,0.0,0.0
511,Pox_RNA_Pol_22,0.0003001490506059,0.02244651576509008,0.0,0.0
512,Pox_A28,0.0003001215915546,0.022444462251921683,0.0,0.0
513,Pox_L3_FP4,0.0003000721352887,0.022440763686658975,0.0,0.0
514,TFIIS_C,0.0003000650984283,0.02244023743812483,0.0,0.0
515,SNF2-rel_dom,0.0003000307275752,0.022437667028875122,0.0,0.0
516,Pox_polyA_pol_N,0.000300028376925,0.022437491236525733,0.0,0.0
517,Chordopox_A20R,0.0003000276703586,0.022437438396265854,0.0,0.0
518,Pox_A30L_A26L,0.0002999918019763,0.02243475599494844,0.0,0.0
519,Pox_ATPase-GT,0.0002999821058978,0.02243403087794917,0.0,0.0
520,Pox_P21,0.0002999553997841,0.022432033672890612,0.0,0.0
521,Chordopox_G3,0.0002999256228058,0.022429806814563063,0.0,0.0
522,Pox_MCEL,0.0002999149322988,0.022429007329662385,0.0,0.0
523,Pox_A32,0.0002999007301184,0.022427945225798978,0.0,0.0
524,DUF1235,0.0002998127191241,0.02242136336199808,0.0,0.0
525,Chordopox_A15,0.0002997525718948,0.022416865277703014,0.0,0.0
526,L1R_F9L,0.0002997105573954,0.022413723241700434,0.0,0.0
527,Glrx-like,0.000299688975227,0.022412109228655056,0.0,0.0
528,Pox_L5,0.0002996736939146,0.02241096642237596,0.0,0.0
529,PLDc,0.0002996621925957,0.022410106301261175,0.0,0.0
530,Pox_A31,0.0002996267540944,0.022407456048406747,0.0,0.0
531,Pox_VERT_large,0.0002993878853446,0.022389592353194824,0.0,0.0
532,Pox_polyA_pol,0.0002993749171411,0.022388622531755373,0.0,0.0
533,Pox_LP_H2,0.0002992664887308,0.02238051376040904,0.0,0.0
534,Pox_A12,0.0002992096982817,0.022376266711456337,0.0,0.0
535,PLDc_2,0.0002991847176936,0.022374398549076763,0.0,0.0
536,Pox_P4A,0.0002991609069192,0.022372617870704232,0.0,0.0
537,Pox_F17,0.0002990801224529,0.022366576439646176,0.0,0.0
538,DNA_pol_B_3,0.0002989981147251,0.022360443527510668,0.0,0.0
539,Pox_D5,0.0002988356331792,0.022348292416007172,0.0,0.0
540,Pox_A9,0.0002986713797352,0.022336008793877524,0.0,0.0
541,Pox_I6,0.0002980666114321,0.02229078146024992,0.0,0.0
542,Peptidase_M44,0.0002980596096981,0.022290257838628272,0.0,0.0
543,Herpes_glycop_H,0.0002908330792203,0.021749824910490094,0.0,0.0
544,AAA_30,0.0002842474229084,0.02125731947717248,0.0,0.0
545,Gag_p24,0.0002534833116099,0.018956638839113544,0.0,0.0
546,Bunya_nucleocap,0.0002522678573152,0.018865741620106336,0.00027335726,0.0024782713909167436
547,Nairo_nucleo,0.0001865160014259,0.013948517771409307,0.0012492831,0.01132606672266828
548,Bunya_RdRp,0.0001663813936369,0.012442759914613306,0.00036845438,0.0033404269153559933
549,Arena_RNA_pol,0.0001326833788586,0.009922668585167401,0.0,0.0
550,ArenaCapSnatch,0.0001289640567061,0.009644520701097769,0.0002683708,0.002433063880569476
551,L_protein_N,0.0001270449264356,0.009500999381323209,0.00068841723,0.00624122705255076
552,HCV_NS4b,0.0001159671661517,0.008672553912805168,0.008926287,0.08092619050692872
553,RdRP_3,0.0001140281446422,0.008527545035402493,0.0,0.0
554,Peptidase_S29,0.0001096546960378,0.008200478590087053,0.0,0.0
555,HCV_NS2,0.0001038938826893,0.007769658677827418,0.0,0.0
556,DUF3674,9.889166599486364e-05,0.007395570085291801,0.00091068435,0.00825631252947374
557,HCV_NS5a_1a,9.824865277324374e-05,0.007347482622122699,0.0,0.0
558,HCV_NS5a_1b,9.807935343819768e-05,0.007334821645233185,0.0,0.0
559,HCV_NS4a,9.557461644272573e-05,0.007147505982089254,0.0,0.0
560,Hanta_G2,8.297561392348139e-05,0.00620529507686819,3.8653307e-06,3.504329275996617e-05
561,Tenui_N,7.771262816650559e-05,0.005811704983789683,0.0033446522,0.03032279391382086
562,Bunya_G1,7.05442079644373e-05,0.005275617807262886,0.0009171947,0.008315335707236988
563,Bunya_G2,6.915178127488413e-05,0.005171485784936998,0.0,0.0
564,Nairovirus_M,6.137510500750325e-05,0.004589910444007582,0.0005884191,0.0053346387119880346
565,Rep_N,6.007310012305295e-05,0.004492540576916409,0.0,0.0
566,HCV_env,5.604483863096504e-05,0.004191288799156234,0.0,0.0
567,HCV_core,5.516046604398844e-05,0.004125151381177696,0.0,0.0
568,HCV_NS1,5.504015880563786e-05,0.004116154256859496,0.0,0.0
569,HCV_NS5a_C,5.4741224147923655e-05,0.004093798558936853,0.0,0.0
570,HCV_capsid,3.675284591317488e-05,0.002748545542745055,0.0,0.0
571,HCV_NS5a,3.181771132589791e-05,0.0023794736563188504,0.0,0.0
572,ITAM_Cys-rich,2.7481430070425903e-05,0.0020551867549732303,0.0,0.0
573,Neur,2.674331790642458e-05,0.0019999873588991295,0.011529698,0.10452885245963467
574,Hanta_G1,2.5815441462320512e-05,0.001930596523950314,0.0010841001,0.009828508899745266
575,Hemagglutinin,2.441297316296055e-05,0.0018257135442171653,0.0024939273,0.022610076932349406
576,FtsJ,1.9985096137766966e-05,0.001494576693205136,9.411991e-06,8.532960868449541e-05
577,Phlebovirus_G2,1.9757917568671215e-05,0.0014775872430556037,0.0,0.0
578,Phlebovirus_G1,1.871746943543633e-05,0.00139977778346121,0.0,0.0
579,Calici_MSP,1.8392224483187165e-05,0.0013754544816435318,0.0,0.0
580,Phlebo_G2_C,1.7818999429096483e-05,0.0013325860961276785,0.001835759,0.016643088280581718
581,Peptidase_C24,1.777554491843276e-05,0.0013293363695111573,0.0,0.0
582,Flu_M1,1.616570110882953e-05,0.0012089449027427423,0.015057878,0.13651551912436724
583,Flu_M1_C,1.5945478407822794e-05,0.0011924756441527194,0.0,0.0
584,DUF3770,1.558880868544699e-05,0.0011658022546148302,0.0,0.0
585,Circo_capsid,1.4547419249013649e-05,0.0010879224000715228,0.0,0.0
586,Rota_NSP4,1.1562461439401292e-05,0.0008646936329095473,0.0,0.0
587,TT_ORF2,9.169122945961842e-06,0.0006857088581260233,9.2135364e-05,0.000835304087745467
588,Parecho_VpG,7.697206447676789e-06,0.0005756322251433228,0.0,0.0
589,Picorna_P3A,7.621770083274342e-06,0.0005699907495517712,0.0,0.0
590,Polyoma_agno,6.469609930583533e-06,0.00048382695533327806,0.0,0.0
591,Flu_NS1,6.020504521565318e-06,0.00045024080330859323,0.0,0.0
592,Metaviral_G,4.119347393701255e-06,0.00030806359716261707,6.744056e-06,6.114196873183617e-05
593,NSs,3.5131188622035733e-06,0.0002627270609915357,1.6391537e-05,0.00014860654222336462
594,TLV_coat,3.4946448049033105e-06,0.00026134548667837887,0.0,0.0
595,Rota_Capsid_VP6,3.346400271074593e-06,0.00025025908390962953,0.0,0.0
596,Paramyxo_P,2.8298690060544704e-06,0.0002116305186683567,0.0,0.0
597,Rota_NS26,2.3182236687905693e-06,0.00017336734540212336,0.0,0.0
598,VP7,2.240714455642107e-06,0.00016757085272168812,0.0,0.0
599,Tax,1.9848810829313432e-06,0.00014843846558870865,0.0,0.0
600,Gag_p19,1.7275427057559837e-06,0.00012919352735362547,0.0,0.0
601,Phlebovirus_NSM,1.5901132337093448e-06,0.00011891592426057658,0.0,0.0
602,Flu_PA,1.5745925322016374e-06,0.00011775521537152716,0.0051158667,0.046380718340364
603,Flu_PB2,1.3933425191661843e-06,0.00010420051224383016,0.0,0.0
604,Flu_NP,1.3481236630298482e-06,0.00010081883982109667,0.0,0.0
605,Herpes_TK,1.3168055565784446e-06,9.847672889729026e-05,4.647441e-08,4.2133946145324626e-07
606,Rota_NS35,9.64450311607974e-07,7.212599566932924e-05,0.0,0.0
607,HAV_VP,8.060846280666312e-07,6.028268713617161e-05,0.0,0.0
608,Flu_PB1,7.526349629737861e-07,5.6285477257534905e-05,0.0,0.0
609,Paramyxo_P_V_N,7.446253874363436e-07,5.5686484646330726e-05,0.0,0.0
610,Rota_NSP3,7.178480097754376e-07,5.3683950143556316e-05,0.0,0.0
611,DNA_pol_viral_N,6.547869137415992e-07,4.8967953596407514e-05,0.01312132,0.1189585817734041
612,Helicase_C,5.333115005803167e-07,3.9883467834779194e-05,0.0,0.0
613,Integrase_H2C2,3.6279323622605993e-07,2.7131333848890835e-05,0.0,0.0
614,Adeno_PIX,3.386177923743677e-07,2.532338383055953e-05,0.0,0.0
615,RT_RNaseH_2,3.20392898651864e-07,2.396044310683089e-05,0.0,0.0
616,SH3_11,3.140662274144273e-07,2.3487305759286427e-05,0.0,0.0
617,Foamy_virus_ENV,3.13554900724624e-07,2.344906641593148e-05,0.0,0.0
618,Gag_spuma,3.042726447148893e-07,2.2754896951002254e-05,0.0,0.0
619,Adeno_shaft,3.02965581037026e-07,2.2657148764253337e-05,0.0,0.0
620,Spuma_A9PTase,2.937357900486922e-07,2.1966902873053942e-05,0.0,0.0
621,Foamy_BEL,2.130743234769905e-07,1.5934670295999116e-05,0.0,0.0
622,Rota_VP4_MID,1.964723741949995e-07,1.4693100764004362e-05,0.0,0.0
623,X,1.9132156311767442e-07,1.4307899605390719e-05,0.0,0.0
624,Gyro_capsid,1.9016401558036104e-07,1.422133291796427e-05,4.1578758e-05,0.00037695522124142844
625,VP4_helical,1.4934444593854484e-07,1.1168659215883238e-05,0.0,0.0
626,dUTPase,1.0341114434476869e-07,7.733557301397734e-06,0.0,0.0
627,vMSA,8.566189100768913e-08,6.40618713632448e-06,0.0,0.0
628,RSV_NS2,1.510862625870988e-15,1.1298920213819889e-13,0.0,0.0
629,Topoisom_I,3.459025145636904e-16,2.5868168600449186e-14,0.0,0.0
630,Herpes_UL16,2.386166628359504e-16,1.784484299833084e-14,0.0,0.0
631,Adeno_E4_ORF3,8.951344132726806e-17,6.69422364616499e-15,0.0,0.0
632,Rota_NS53,1.0029663546789928e-18,7.500640114206778e-17,0.0,0.0
633,Vesiculo_matrix,4.842631947378148e-19,3.6215411686934636e-17,0.0,0.0
634,BDV_P10,4.4596204086247873e-20,3.335107660891799e-18,0.0,0.0
635,Rotavirus_VP3,1.506483881048819e-20,1.1266173961754884e-18,0.0,0.0
636,Ribonuc_red_lgN,1.1323393651255584e-20,8.468150527017963e-19,0.0,0.0
637,Rota_VP2,8.240083464435715e-21,6.162310459311464e-19,0.0,0.0
638,D5_N,5.8777601666394904e-21,4.395657290188289e-19,0.0,0.0
639,Flu_NS2,5.616866286685222e-21,4.200548940600396e-19,0.0,0.0
640,Hep_core_N,2.599650406713805e-21,1.9441372118362188e-19,0.0,0.0
641,Rotavirus_VP1,2.3336580048954764e-21,1.7452159549221406e-19,0.0,0.0
642,DUF2677,0.0,0.0,0.0,0.0
643,Profilin,0.0,0.0,0.0,0.0
644,DUF3640,0.0,0.0,0.0,0.0
645,Pox_E10,0.0,0.0,0.0,0.0
646,Pox_D2,0.0,0.0,0.0,0.0
647,Pox_C7_F8A,0.0,0.0,0.0,0.0
648,BALF1,0.0,0.0,0.0,0.0
649,An_peroxidase,0.0,0.0,0.0,0.0
650,Ank,0.0,0.0,0.0,0.0
651,Ank_2,0.0,0.0,0.0,0.0
652,Ank_3,0.0,0.0,0.0,0.0
653,Pox_I5,0.0,0.0,0.0,0.0
654,Carb_anhydrase,0.0,0.0,0.0,0.0
655,CSD,0.0,0.0,0.0,0.0
656,CNV-Replicase_N,0.0,0.0,0.0,0.0
657,Alpha_TIF,0.0,0.0,0.0,0.0
658,AlbA_2,0.0,0.0,0.0,0.0
659,DPRP,0.0,0.0,0.0,0.0
660,DUF3746,0.0,0.0,0.0,0.0
661,DUF3724,0.0,0.0,0.0,0.0
662,GSHPx,0.0,0.0,0.0,0.0
663,GFP,0.0,0.0,0.0,0.0
664,GDP_Man_Dehyd,0.0,0.0,0.0,0.0
665,Pox_F11,0.0,0.0,0.0,0.0
666,Poxvirus_B22R_N,0.0,0.0,0.0,0.0
667,Poxvirus_B22R_C,0.0,0.0,0.0,0.0
668,Poxvirus_B22R,0.0,0.0,0.0,0.0
669,Poxv_Bcl-2-like,0.0,0.0,0.0,0.0
670,Pox_vIL-18BP,0.0,0.0,0.0,0.0
671,RNA_ligase,0.0,0.0,0.0,0.0
672,RL11D,0.0,0.0,0.0,0.0
673,RdRP_5,0.0,0.0,0.0,0.0
674,Resolvase,0.0,0.0,0.0,0.0
675,ResIII,0.0,0.0,0.0,0.0
676,Rep_3,0.0,0.0,0.0,0.0
677,Reovirus_cap,0.0,0.0,0.0,0.0
678,DUF865,0.0,0.0,0.0,0.0
679,Pox_T4_C,0.0,0.0,0.0,0.0
680,Pox_RNA_Pol_19,0.0,0.0,0.0,0.0
681,BACK,0.0,0.0,0.0,0.0
682,B3R,0.0,0.0,0.0,0.0
683,B-CoV_A_NSP1,0.0,0.0,0.0,0.0
684,Av_adeno_fibre,0.0,0.0,0.0,0.0
685,Acetyltransf_7,0.0,0.0,0.0,0.0
686,Acetyltransf_1,0.0,0.0,0.0,0.0
687,DnaJ,0.0,0.0,0.0,0.0
688,GBV-C_env,0.0,0.0,0.0,0.0
689,Pox_M2,0.0,0.0,0.0,0.0
690,Ank_5,0.0,0.0,0.0,0.0
691,Ank_4,0.0,0.0,0.0,0.0
692,Pox_T4_N,0.0,0.0,0.0,0.0
693,GlyL_C,0.0,0.0,0.0,0.0
694,HCMVantigenic_N,0.0,0.0,0.0,0.0
695,HCMV_UL124,0.0,0.0,0.0,0.0
696,Guanylate_kin,0.0,0.0,0.0,0.0
697,Gp_UL130,0.0,0.0,0.0,0.0
698,Herpes_UL32,0.0,0.0,0.0,0.0
699,Herpes_UL3,0.0,0.0,0.0,0.0
700,Herpes_UL24,0.0,0.0,0.0,0.0
701,Glutaredoxin,0.0,0.0,0.0,0.0
702,Gene66,0.0,0.0,0.0,0.0
703,Gemini_AL1_M,0.0,0.0,0.0,0.0
704,Gasdermin_C,0.0,0.0,0.0,0.0
705,Gag_p12,0.0,0.0,0.0,0.0
706,Glyco_hydro_2_N,0.0,0.0,0.0,0.0
707,Glyco_hydro_2_C,0.0,0.0,0.0,0.0
708,Glyco_hydro_2,0.0,0.0,0.0,0.0
709,Phage_glycop_gL,0.0,0.0,0.0,0.0
710,Peptidase_S32,0.0,0.0,0.0,0.0
711,PK_Tyr_Ser-Thr,0.0,0.0,0.0,0.0
712,PDGF,0.0,0.0,0.0,0.0
713,Orthoreo_P17,0.0,0.0,0.0,0.0
714,Herpes_HEPA,0.0,0.0,0.0,0.0
715,Herpes_DNAp_acc,0.0,0.0,0.0,0.0
716,Herpes_BTRF1,0.0,0.0,0.0,0.0
717,Gag_p10,0.0,0.0,0.0,0.0
718,Glyco_transf_29,0.0,0.0,0.0,0.0
719,GBR_NSP5,0.0,0.0,0.0,0.0
720,GATase_5,0.0,0.0,0.0,0.0
721,Gag_p30,0.0,0.0,0.0,0.0
722,Pox_TAA1,0.0,0.0,0.0,0.0
723,Pox_C4_C10,0.0,0.0,0.0,0.0
724,Pox_B6,0.0,0.0,0.0,0.0
725,Pox_A_type_inc,0.0,0.0,0.0,0.0
726,Flu_M2,0.0,0.0,0.0,0.0
727,GAGE,0.0,0.0,0.0,0.0
728,G-patch,0.0,0.0,0.0,0.0
729,Fusion_gly_K,0.0,0.0,0.0,0.0
730,DUF1231,0.0,0.0,0.0,0.0
731,DUF1314,0.0,0.0,0.0,0.0
732,PolyG_pol,0.0,0.0,0.0,0.0
733,Pkinase,0.0,0.0,0.0,0.0
734,Pox_A14,0.0,0.0,0.0,0.0
735,Polysacc_synt_2,0.0,0.0,0.0,0.0
736,Pox_A51,0.0,0.0,0.0,0.0
737,Pox_A21,0.0,0.0,0.0,0.0
738,Esterase,0.0,0.0,0.0,0.0
739,Epimerase,0.0,0.0,0.0,0.0
740,Flu_C_NS2,0.0,0.0,0.0,0.0
741,Flu_C_NS1,0.0,0.0,0.0,0.0
742,Flu_B_NS1,0.0,0.0,0.0,0.0
743,Flu_B_M2,0.0,0.0,0.0,0.0
744,DUF1406,0.0,0.0,0.0,0.0
745,DUF1029,0.0,0.0,0.0,0.0
746,ig,0.0,0.0,0.0,0.0
747,zf-RING_2,0.0,0.0,0.0,0.0
748,zf-Paramyx-P,0.0,0.0,0.0,0.0
749,zf-H3C2,0.0,0.0,0.0,0.0
750,zf-H2C2,0.0,0.0,0.0,0.0
751,zf-FCS,0.0,0.0,0.0,0.0
752,zf-CCHC_5,0.0,0.0,0.0,0.0
753,dsrm,0.0,0.0,0.0,0.0
754,dNK,0.0,0.0,0.0,0.0
755,bCoV_viroporin,0.0,0.0,0.0,0.0
756,bCoV_SUD_M,0.0,0.0,0.0,0.0
757,bCoV_SUD_C,0.0,0.0,0.0,0.0
758,Beta-lactamase2,0.0,0.0,0.0,0.0
759,zf-C3HC4_2,0.0,0.0,0.0,0.0
760,zf-C3HC4,0.0,0.0,0.0,0.0
761,Herpes_UL79,0.0,0.0,0.0,0.0
762,Herpes_UL74,0.0,0.0,0.0,0.0
763,Herpes_UL73,0.0,0.0,0.0,0.0
764,zf-RING_UBOX,0.0,0.0,0.0,0.0
765,bCoV_NS6,0.0,0.0,0.0,0.0
766,bCoV_NAB,0.0,0.0,0.0,0.0
767,Y_phosphatase,0.0,0.0,0.0,0.0
768,gpUL132,0.0,0.0,0.0,0.0
769,V-set_CD47,0.0,0.0,0.0,0.0
770,Herpes_UL51,0.0,0.0,0.0,0.0
771,bCoV_S1_RBD,0.0,0.0,0.0,0.0
772,DUF2664,0.0,0.0,0.0,0.0
773,DUF1664,0.0,0.0,0.0,0.0
774,DUF5500,0.0,0.0,0.0,0.0
775,DUF5472,0.0,0.0,0.0,0.0
776,DUF5441,0.0,0.0,0.0,0.0
777,DUF5438,0.0,0.0,0.0,0.0
778,DUF5132,0.0,0.0,0.0,0.0
779,Rotavirus_VP7,0.0,0.0,0.0,0.0
780,Soyouz_module,0.0,0.0,0.0,0.0
781,SoPB_HTH,0.0,0.0,0.0,0.0
782,Sigma_1_2,0.0,0.0,0.0,0.0
783,Serpin,0.0,0.0,0.0,0.0
784,VP4_haemagglut,0.0,0.0,0.0,0.0
785,SHP,0.0,0.0,0.0,0.0
786,Ribosomal_S17e,0.0,0.0,0.0,0.0
787,Ribosomal_L6e,0.0,0.0,0.0,0.0
788,Ribonuc_red_sm,0.0,0.0,0.0,0.0
789,S1,0.0,0.0,0.0,0.0
790,VP3-like,0.0,0.0,0.0,0.0
791,CoV_NSP2_N,0.0,0.0,0.0,0.0
792,CoV_S1,0.0,0.0,0.0,0.0
793,Baculo_p26,0.0,0.0,0.0,0.0
794,Baculo_gp64,0.0,0.0,0.0,0.0
795,UL16,0.0,0.0,0.0,0.0
796,UL141,0.0,0.0,0.0,0.0
797,RmlD_sub_bind,0.0,0.0,0.0,0.0
798,Sema,0.0,0.0,0.0,0.0
799,CoV_S2_C,0.0,0.0,0.0,0.0
800,Cytomega_gL,0.0,0.0,0.0,0.0
801,DUF4573,0.0,0.0,0.0,0.0
802,DUF4158,0.0,0.0,0.0,0.0
803,DUF848,0.0,0.0,0.0,0.0
804,DUF832,0.0,0.0,0.0,0.0
805,DUF755,0.0,0.0,0.0,0.0
806,DUF717,0.0,0.0,0.0,0.0
807,DUF678,0.0,0.0,0.0,0.0
808,DUF5906,0.0,0.0,0.0,0.0
809,Bax1-I,0.0,0.0,0.0,0.0
810,CMV_US,0.0,0.0,0.0,0.0
811,Herpes_UL49_2,0.0,0.0,0.0,0.0
812,CM1,0.0,0.0,0.0,0.0
813,CD47,0.0,0.0,0.0,0.0
814,CAT,0.0,0.0,0.0,0.0
815,C1-set,0.0,0.0,0.0,0.0
816,CbiA,0.0,0.0,0.0,0.0
817,RINGv,0.0,0.0,0.0,0.0
818,REV,0.0,0.0,0.0,0.0
819,Bgal_small_N,0.0,0.0,0.0,0.0
820,Beta_helix,0.0,0.0,0.0,0.0
821,Gag_MA,0.0,0.0,0.0,0.0
822,Beta-lactamase,0.0,0.0,0.0,0.0
823,Bcl-2,0.0,0.0,0.0,0.0
824,CM2,0.0,0.0,0.0,0.0
825,Herpes_UL49_1,0.0,0.0,0.0,0.0
826,Herpes_UL47,0.0,0.0,0.0,0.0
827,Herpes_UL92,0.0,0.0,0.0,0.0
828,Herpes_UL87,0.0,0.0,0.0,0.0
829,Herpes_UL82_83,0.0,0.0,0.0,0.0
830,RNA_pol_Rpb1_4,0.0,0.0,0.0,0.0
831,RNA_pol_Rpb1_3,0.0,0.0,0.0,0.0
832,RNA_pol_Rpb1_2,0.0,0.0,0.0,0.0
833,RT_RNaseH,0.0,0.0,0.0,0.0
834,Reovirus_Mu2,0.0,0.0,0.0,0.0
835,Reovirus_M2,0.0,0.0,0.0,0.0
836,Reovirus_L2,0.0,0.0,0.0,0.0
837,Corona_3,0.0,0.0,0.0,0.0
838,Cytomega_US3,0.0,0.0,0.0,0.0
839,Cytomega_UL84,0.0,0.0,0.0,0.0
840,Cytomega_UL20A,0.0,0.0,0.0,0.0
841,Cytomega_TRL10,0.0,0.0,0.0,0.0
842,Cyclin_N,0.0,0.0,0.0,0.0
843,Corona_NS4,0.0,0.0,0.0,0.0
844,Corona_NS3b,0.0,0.0,0.0,0.0
845,DNA_ligase_A_M,0.0,0.0,0.0,0.0
846,DUF587,0.0,0.0,0.0,0.0
847,DUF570,0.0,0.0,0.0,0.0
848,Corona_NS2A,0.0,0.0,0.0,0.0
849,Corona_NS12-7,0.0,0.0,0.0,0.0
850,Corona_6B_7B,0.0,0.0,0.0,0.0
851,Reo_sigma1,0.0,0.0,0.0,0.0
852,Herpes_UL37_1,0.0,0.0,0.0,0.0
853,Herpes_UL36,0.0,0.0,0.0,0.0
854,Herpes_UL35,0.0,0.0,0.0,0.0
855,Herpes_UL56,0.0,0.0,0.0,0.0
856,IL10,0.0,0.0,0.0,0.0
857,KSHV_K1,0.0,0.0,0.0,0.0
858,KRTAP,0.0,0.0,0.0,0.0
859,K1,0.0,0.0,0.0,0.0
860,K-cyclin_vir_C,0.0,0.0,0.0,0.0
861,Ig_3,0.0,0.0,0.0,0.0
862,Ig_2,0.0,0.0,0.0,0.0
863,Herpes_UL46,0.0,0.0,0.0,0.0
864,EBV-NA1,0.0,0.0,0.0,0.0
865,Herpes_teg_N,0.0,0.0,0.0,0.0
866,Herpes_pp85,0.0,0.0,0.0,0.0
867,IRF-3,0.0,0.0,0.0,0.0
868,IRF,0.0,0.0,0.0,0.0
869,IL8,0.0,0.0,0.0,0.0
870,IL6,0.0,0.0,0.0,0.0
871,IL22,0.0,0.0,0.0,0.0
872,Adeno_E3_CR1,0.0,0.0,0.0,0.0
873,Adeno_PX,0.0,0.0,0.0,0.0
874,Herpes_gI,0.0,0.0,0.0,0.0
875,Herpes_gE_N,0.0,0.0,0.0,0.0
876,IFNGR1,0.0,0.0,0.0,0.0
877,I-set,0.0,0.0,0.0,0.0
878,Herpesvir_UL11,0.0,0.0,0.0,0.0
879,Herpes_glycop_D,0.0,0.0,0.0,0.0
880,Abhydrolase_6,0.0,0.0,0.0,0.0
881,Abhydrolase_11,0.0,0.0,0.0,0.0
882,Abhydrolase_1,0.0,0.0,0.0,0.0
883,Adeno_E3_14_5,0.0,0.0,0.0,0.0
884,Adeno_E3B,0.0,0.0,0.0,0.0
885,Adeno_E3A,0.0,0.0,0.0,0.0
886,MHC_I,0.0,0.0,0.0,0.0
887,MFS_1_like,0.0,0.0,0.0,0.0
888,MFS_1,0.0,0.0,0.0,0.0
889,M11L,0.0,0.0,0.0,0.0
890,NAD_binding_10,0.0,0.0,0.0,0.0
891,Herpes_UL37_2,0.0,0.0,0.0,0.0
892,Meis_PKNOX_N,0.0,0.0,0.0,0.0
893,Herpes_ori_bp,0.0,0.0,0.0,0.0
894,Kdo,0.0,0.0,0.0,0.0
895,KSHV_K8,0.0,0.0,0.0,0.0
896,Lectin_C,0.0,0.0,0.0,0.0
897,LacZ_4,0.0,0.0,0.0,0.0
898,LacY_symp,0.0,0.0,0.0,0.0
899,KilA-N,0.0,0.0,0.0,0.0
900,Marek_A,0.0,0.0,0.0,0.0
901,MLVIN_C,0.0,0.0,0.0,0.0
902,Herpes_UL43,0.0,0.0,0.0,0.0
903,Herpes_UL42,0.0,0.0,0.0,0.0
904,Herpes_UL4,0.0,0.0,0.0,0.0
905,Mx_ML,0.0,0.0,0.0,0.0
906,UN_NPL4,0.0,0.0,0.0,0.0
907,UL97,0.0,0.0,0.0,0.0
908,Sushi,0.0,0.0,0.0,0.0
909,Stealth_CR3,0.0,0.0,0.0,0.0
910,Thymidylat_synt,0.0,0.0,0.0,0.0
911,V-set,0.0,0.0,0.0,0.0
912,US6,0.0,0.0,0.0,0.0
913,US30,0.0,0.0,0.0,0.0
914,Vac_Fusion,0.0,0.0,0.0,0.0
915,US22,0.0,0.0,0.0,0.0
916,z-alpha,0.0,0.0,0.0,0.0
917,Chordopox_RPO7,0.0,0.0,0.0,0.0
918,Hydrolase_4,0.0,0.0,0.0,0.0
919,Herpes_UL55,0.0,0.0,0.0,0.0
920,RNA_pol_Rpb1_5,0.0,0.0,0.0,0.0
921,TNFR_c6,0.0,0.0,0.0,0.0
922,TK,0.0,0.0,0.0,0.0
923,BTV_NS2,0.0,0.0,0.0,0.0
924,BTB,0.0,0.0,0.0,0.0
925,BEN,0.0,0.0,0.0,0.0
926,bCoV_S1_N,0.0,0.0,0.0,0.0
927,bCoV_NSP3_N,0.0,0.0,0.0,0.0
928,bCoV_NSP1,0.0,0.0,0.0,0.0
929,bCoV_NS8,0.0,0.0,0.0,0.0
930,bCoV_NS7A,0.0,0.0,0.0,0.0
931,UL45,0.0,0.0,0.0,0.0
932,DED,0.0,0.0,0.0,0.0
933,Hum_adeno_E3A,0.0,0.0,0.0,0.0
934,VD10_N,0.0,0.0,0.0,0.0
935,DDE_Tnp_Tn3,0.0,0.0,0.0,0.0
936,DNA_ligase_A_N,0.0,0.0,0.0,0.0
937,Chordopox_E11,0.0,0.0,0.0,0.0
938,Chordopox_A30L,0.0,0.0,0.0,0.0
939,Chordopox_A13L,0.0,0.0,0.0,0.0
940,CoV_E,0.0,0.0,0.0,0.0
941,UL40,0.0,0.0,0.0,0.0
942,UL21a,0.0,0.0,0.0,0.0
943,UL20,0.0,0.0,0.0,0.0
944,UL2,0.0,0.0,0.0,0.0
945,US10,0.0,0.0,0.0,0.0
946,DNA_ligase_A_C,0.0,0.0,0.0,0.0
947,DNAPolymera_Pol,0.0,0.0,0.0,0.0
948,DHFR_1,0.0,0.0,0.0,0.0
949,Tegument_dsDNA,0.0,0.0,0.0,0.0
950,Tat,0.0,0.0,0.0,0.0
951,TT_ORF2a,0.0,0.0,0.0,0.0
952,U83,0.0,0.0,0.0,0.0
953,U79_P34,0.0,0.0,0.0,0.0
954,U71,0.0,0.0,0.0,0.0
955,U62_UL91,0.0,0.0,0.0,0.0
956,Thymidylate_kin,0.0,0.0,0.0,0.0
957,UL41A,0.0,0.0,0.0,0.0
958,US2,0.0,0.0,0.0,0.0
959,UL17,0.0,0.0,0.0,0.0
960,Herpes_BBRF1,0.0,0.0,0.0,0.0
961,Hema_stalk,0.0,0.0,0.0,0.0
962,Herpes_UL21,0.0,0.0,0.0,0.0
963,Herpes_UL20,0.0,0.0,0.0,0.0
964,HHV6-IE,0.0,0.0,0.0,0.0
965,HHV-5_US34A,0.0,0.0,0.0,0.0
966,HHV-1_VABD,0.0,0.0,0.0,0.0
967,HERV-K_env_2,0.0,0.0,0.0,0.0
968,Hema_esterase,0.0,0.0,0.0,0.0
969,Hema_HEFG,0.0,0.0,0.0,0.0
970,Orbi_VP4,0.0,0.0,0.0,0.0
971,Orthopox_F6,0.0,0.0,0.0,0.0
972,Herpes_heli_pri,0.0,0.0,0.0,0.0
973,Orthopox_C10L,0.0,0.0,0.0,0.0
974,Orthopox_B11R,0.0,0.0,0.0,0.0
975,Orthopox_A5L,0.0,0.0,0.0,0.0
976,Herpes_gE,0.0,0.0,0.0,0.0
977,Herpes_capsid,0.0,0.0,0.0,0.0
978,OTU,0.0,0.0,0.0,0.0
979,Orthopox_A36R,0.0,0.0,0.0,0.0
980,Orthopox_35kD,0.0,0.0,0.0,0.0
981,Orn_DAP_Arg_deC,0.0,0.0,0.0,0.0
982,Orn_Arg_deC_N,0.0,0.0,0.0,0.0
983,Orbi_VP7,0.0,0.0,0.0,0.0
984,Orbi_VP6,0.0,0.0,0.0,0.0
985,Orbi_VP5,0.0,0.0,0.0,0.0
986,Orthopox_F14,0.0,0.0,0.0,0.0
987,EBV-NA3,0.0,0.0,0.0,0.0
988,UL42,0.0,0.0,0.0,0.0
989,E7R,0.0,0.0,0.0,0.0
990,Peptidase_C16,0.0,0.0,0.0,0.0
991,Peptidase_A24,0.0,0.0,0.0,0.0
992,Phage_integrase,0.0,0.0,0.0,0.0
993,AIRS_C,0.0,0.0,0.0,0.0
994,AAA_31,0.0,0.0,0.0,0.0
995,A2L_zn_ribbon,0.0,0.0,0.0,0.0
996,Orthoreo_P10,0.0,0.0,0.0,0.0
997,Orthopox_F8,0.0,0.0,0.0,0.0
998,Orthopox_F7,0.0,0.0,0.0,0.0
999,Herpes_BLLF1,0.0,0.0,0.0,0.0
1000,Pap_E4,0.0,0.0,0.0,0.0
1001,Herpes_IE2_3,0.0,0.0,0.0,0.0
1002,Herpes_IE1,0.0,0.0,0.0,0.0
1003,Herpes_ICP4_N,0.0,0.0,0.0,0.0
1004,Herpes_ICP4_C,0.0,0.0,0.0,0.0
1005,7tm_1,0.0,0.0,0.0,0.0
1006,14-3-3,0.0,0.0,0.0,0.0
1007,ATP-cone,0.0,0.0,0.0,0.0
1008,APH,0.0,0.0,0.0,0.0
1009,HV_small_capsid,0.0,0.0,0.0,0.0
1010,HSV_VP16_C,0.0,0.0,0.0,0.0
1011,Herpes_BMRF2,0.0,0.0,0.0,0.0
1012,Herpes_BLRF2,0.0,0.0,0.0,0.0
1013,Papilloma_E5A,0.0,0.0,0.0,0.0
1014,Herpes_U47,0.0,0.0,0.0,0.0
1015,Herpes_UL33,0.0,0.0,0.0,0.0
1016,Orthopox_A49R,0.0,0.0,0.0,0.0
1017,Herpes_LAMP2,0.0,0.0,0.0,0.0
1018,Herpes_IE68,0.0,0.0,0.0,0.0
1019,Herpes_U44,0.0,0.0,0.0,0.0
1020,Herpes_U30,0.0,0.0,0.0,0.0
1021,Herpes_U26,0.0,0.0,0.0,0.0
1022,Herpes_U15,0.0,0.0,0.0,0.0
1023,Herpes_TK_C,0.0,0.0,0.0,0.0
1024,Herpes_TAF50,0.0,0.0,0.0,0.0
1025,Herpes_US9,0.0,0.0,0.0,0.0
1026,NPV_P10,0.0,0.0,0.0,0.0
1027,Herpes_UL95,0.0,0.0,0.0,0.0
1028,Herpes_PAP,0.0,0.0,0.0,0.0
1029,Herpes_ORF11,0.0,0.0,0.0,0.0
1030,Herpes_LP,0.0,0.0,0.0,0.0
1031,Herpes_LMP2,0.0,0.0,0.0,0.0
1032,Herpes_LMP1,0.0,0.0,0.0,0.0
1033,Adeno_E3,0.0,0.0,0.0,0.0
1034,Adeno_E1B_55K_N,0.0,0.0,0.0,0.0
1035,Adeno_E1B_19K,0.0,0.0,0.0,0.0
1036,Adeno_L433K_22K,0.0,0.0,0.0,0.0
1037,Adeno_GP19K,0.0,0.0,0.0,0.0
1038,Adeno_E4,0.0,0.0,0.0,0.0
1039,Adeno_E3_CR2,0.0,0.0,0.0,0.0
1040,Herpes_US12,0.0,0.0,0.0,0.0
1041,NPH-II,0.0,0.0,0.0,0.0
1042,NAD_binding_4,0.0,0.0,0.0,0.0
1043,Orbi_VP3,0.0,0.0,0.0,0.0
1044,Orbi_VP2,0.0,0.0,0.0,0.0
1045,Orbi_VP1,0.0,0.0,0.0,0.0
1046,Orbi_NS3,0.0,0.0,0.0,0.0
1047,Orbi_NS1,0.0,0.0,0.0,0.0
1048,PX,0.0,0.0,0.0,0.0
1049,PV_NSP1,0.0,0.0,0.0,0.0
1050,PRNT,0.0,0.0,0.0,0.0
1051,PRANC,0.0,0.0,0.0,0.0
1052,Paramyxo_PNT,0.0,0.0,0.0,0.0
1053,Paramyxo_NS_C,0.0,0.0,0.0,0.0
1054,Herpes_U5,0.0,0.0,0.0,0.0
1055,NUDIX,0.0,0.0,0.0,0.0
1056,Orthopox_A47,0.0,0.0,0.0,0.0
1057,Orthopox_A43R,0.0,0.0,0.0,0.0
1058,Kelch_6,0.0,0.0,0.0,0.0
1059,Kelch_5,0.0,0.0,0.0,0.0
1060,Kelch_4,0.0,0.0,0.0,0.0
1061,Kelch_3,0.0,0.0,0.0,0.0
1062,Kelch_2,0.0,0.0,0.0,0.0
1063,Kelch_1,0.0,0.0,0.0,0.0
1064,Herpes_UL14,0.0,0.0,0.0,0.0
1065,Herpes_UL1,0.0,0.0,0.0,0.0
1066,Herpes_U59,0.0,0.0,0.0,0.0
1067,Herpes_U55,0.0,0.0,0.0,0.0
1068,ParBc,0.0,0.0,0.0,0.0
