,Feature,Importance,Importance_Norm
0,RNA_helicase,0.0133717434699913,1.0
1,Length,0.0113870098455425,0.8515725620295578
2,RdRP_1,0.0103030510130229,0.7705091737771427
3,TT_ORF1,0.0097969810154964,0.7326629498601034
4,Gemini_AL1,0.007559654097186,0.5653454326394521
5,Parvo_coat,0.0072605317799355,0.5429757006802811
6,Parvo_NS1,0.007182275959612,0.5371233733080787
7,Astro_capsid_N,0.0070437271151403,0.5267620584367135
8,Rhabdo_ncap,0.007023495788565,0.5252490675076921
9,Phospholip_A2_4,0.007014716219958,0.5245924913008045
10,Calici_coat,0.0069192244919082,0.5174511840910079
11,TTCT,0.0066080079383261,0.4941769899456798
12,Polyoma_lg_T_C,0.0065196890927753,0.48757210362333864
13,Polyoma_coat,0.0064870654917821,0.4851323618599393
14,Papo_T_antigen,0.0063106541127446,0.4719395138642086
15,GC_Content,0.0058632269494375,0.43847886871264624
16,Mononeg_mRNAcap,0.0057497333804199,0.42999130168204175
17,Mononeg_RNA_pol,0.0055572880409497,0.4155993609525412
18,Vmethyltransf,0.0055004031249691,0.4113452473354007
19,Trypsin_2,0.0054706093621681,0.409117133786269
20,RdRP_2,0.0054166164660883,0.40507929861533787
21,SP2,0.0053983268589242,0.4037115183251203
22,DNA_pol_viral_C,0.005281841435209,0.39500020674659536
23,BDV_P24,0.0052557353214865,0.39304787242451633
24,BDV_G,0.0052367234937903,0.39162608118698133
25,BDV_P40,0.0052143451861547,0.38995252921630363
26,BDV_M,0.0051814529384234,0.38749269682383247
27,Viral_helicase1,0.0050581498570694,0.3782715296940027
28,Peptidase_C3,0.0049471637539626,0.36997148240728395
29,TTCC,0.0048902948028418,0.3657185627152165
30,CTTT,0.0048655079541318,0.3638648890513726
31,Fusion_gly,0.0047511571818543,0.3553132164490582
32,TTTT,0.0047154391776332,0.3526420610906521
33,CCTC,0.0046429941683177,0.3472242926838561
34,Rhv,0.0046165031331483,0.3452431721793496
35,GTCG,0.0046079169636558,0.34460105924084095
36,TCCC,0.0045502062518869,0.3402851888460481
37,Peptidase_C41,0.0044311599779583,0.3313823652018642
38,RVT_1,0.0043973975516547,0.3288574568846078
39,AATG,0.0042426858673902,0.3172874110927706
40,HN,0.0041969332037747,0.3138658181106604
41,Pneumo_phosprot,0.00417349691735,0.31211314565793985
42,Pneumo_ncap,0.0041217929494097,0.3082464869790373
43,Pneumo_matrix,0.004109364423042,0.30731702505841396
44,GAGG,0.0040249202061288,0.30100190114785524
45,VP40,0.0039924240353193,0.29857168919513366
46,TATA,0.00399128970236,0.2984868585997931
47,Filo_VP35,0.0039898810411046,0.2983815124825451
48,Filo_glycop,0.0039821541354642,0.29780365921623464
49,Astro_VPg,0.0039783933493879,0.2975224104707184
50,Ebola_NP,0.0039765513878646,0.2973846601820269
51,Transcript_VP30,0.0039722616938783,0.2970638572892757
52,Filo_VP24,0.0039517506898289,0.29552995080240435
53,Late_protein_L2,0.0039233128610551,0.2934032401877698
54,Pneumovirus_M2,0.0038980365935117,0.2915129655500515
55,Late_protein_L1,0.0038647978649362,0.28902722173885037
56,AAAC,0.0038048266502209,0.2845423006176902
57,PPV_E1_C,0.0037740004769237,0.2822369787001422
58,PPV_E1_DBD,0.0037190359065388,0.27812647729034096
59,HDV_ag,0.0036856282639742,0.27562810132017873
60,Rhabdo_glycop,0.0036203534877382,0.27074655566515704
61,TCTT,0.0035645921956488,0.2665764717703726
62,AAAA,0.003520974009054,0.2633145047207738
63,Peptidase_S3,0.0034802448702178,0.26026859384702694
64,Alpha_E2_glycop,0.0034525780871431,0.25819954554851676
65,GCCG,0.0034441676234768,0.2575705726935428
66,TCGA,0.0034410683832064,0.25733879736242343
67,Peptidase_C9,0.003430969123815,0.2565835286561351
68,CCGC,0.003420138850666,0.2557735914049976
69,PPV_E2_N,0.0033846284302615,0.2531179601117267
70,Alpha_E3_glycop,0.0033843465044008,0.2530968764092662
71,ACAA,0.0033701787262625,0.2520373453039847
72,Alpha_E1_glycop,0.003364039565515,0.25157823084660097
73,Macro,0.003343519437017,0.2500436419918229
74,TTAA,0.0033429185566726,0.24999870541748995
75,PPV_E1_N,0.0033332155690408,0.2492730717218111
76,GP120,0.0033225114773868,0.24847257089871183
77,GGGA,0.0032941338934568,0.2463503656684302
78,CGAG,0.0032935965000828,0.24631017693947302
79,TGGG,0.0032864099752773,0.2457727358180794
80,TTTA,0.0032347096293602,0.24190634801060124
81,AACA,0.0032129000133045,0.2402753253915505
82,CGCC,0.0031695238794274,0.2370314601488135
83,TCCT,0.0031650854468339,0.23669953390423212
84,CCCC,0.0031267553609605,0.23383303515936613
85,AATA,0.0030336903917306,0.2268732120488828
86,ATGA,0.0030220046748857,0.22599930081426145
87,PPV_E2_C,0.0030209707611668,0.2259219800279915
88,ATAT,0.0030119842798627,0.22524992994534765
89,CAAA,0.0029854753324424,0.2232674698809745
90,DUF3729,0.0029685252540382,0.22199986566449822
91,TAAA,0.0029450696255988,0.22024574672764913
92,GAAA,0.002914807351887,0.2179825957945106
93,AAAT,0.0029108442501557,0.21768621696102536
94,Peptidase_C37,0.002899191635046,0.2168147812252254
95,CGAA,0.0028755508464957,0.21504681517028618
96,GCCC,0.0028710033618182,0.21470673351319294
97,CGTT,0.0028709857492683,0.21470541636633478
98,TAAT,0.002801244701123,0.20948986251564866
99,AATT,0.0027959879783653,0.20909674079823784
100,ATTA,0.0027818964799241,0.20804291423681567
101,TATT,0.002760790839274,0.2064645381112592
102,TTAT,0.0027512368211747,0.2057500450370583
103,ACGT,0.0027413218673802,0.2050085595444035
104,CGCG,0.0027052002744533,0.2023072219807594
105,E6,0.0027007936426596,0.20197767394511326
106,TTGA,0.0026962433839328,0.20163738483195373
107,CTTC,0.0026926471784906,0.201368444177336
108,ACCG,0.0026909674640649,0.20124282746703417
109,ACAG,0.00264075398506,0.19748763435271904
110,Gag_p24_C,0.0026282321006096,0.1965511906886223
111,TCGT,0.0025748125906438,0.19255623594800203
112,TGAT,0.00255043997253,0.19073354033852546
113,Paramyxo_ncap,0.0025386481633657,0.18985169503609628
114,TACA,0.0025233305313689,0.18870617261180092
115,AAAG,0.0025099179217775,0.18770311645674528
116,GCGC,0.0024947625475166,0.18656972840642022
117,ATGG,0.0024663565046556,0.1844453948874032
118,GGAG,0.0024476862363898,0.1830491470228147
119,ATAA,0.0024476531172578,0.1830466702229812
120,Hepatitis_core,0.0024448269951673,0.18283531991575744
121,TTTC,0.002443950660325,0.18276978359700688
122,CTCC,0.0024398214554011,0.1824609828087502
123,GATG,0.0023838189740717,0.17827286168190684
124,GGCC,0.0023817009175494,0.17811446374920245
125,CCCG,0.0023697622814647,0.17722163805960617
126,T_Ag_DNA_bind,0.0023548105985566,0.1761034829782097
127,ACGA,0.0023536956952141,0.17602010541828256
128,Matrix,0.0023528177818229,0.1759544510484414
129,AGAC,0.0023477511113288,0.17557554230662545
130,Pico_P2B,0.0023241963427845,0.17381400922029597
131,ATTT,0.0023137723710656,0.17303445704429937
132,Pico_P2A,0.0023112205018645,0.17284361661972594
133,TCTC,0.0023038665343484,0.17229365336829178
134,AACG,0.0022995473096012,0.17197064203047385
135,Calici_coat_C,0.0022908856413081,0.17132288294710984
136,GGAA,0.0022652483658549,0.16940561049040032
137,CACC,0.0022579889714447,0.16886271984741938
138,Methyltrans_Mon,0.0022574027883593,0.1688188824011869
139,G-7-MTase,0.0022498281698018,0.1682524178579133
140,ACGC,0.0022485044670527,0.16815342532548322
141,AGGG,0.0022276243012206,0.16659191123579412
142,AGAA,0.0022249809800638,0.16639423161662312
143,Calici_PP_N,0.0022220305023577,0.16617358142895525
144,CTCT,0.002191284762903,0.16387427472121746
145,AGCA,0.0021788800511761,0.16294659376811374
146,Pico_P1A,0.002176725087513,0.16278543575099083
147,GAAT,0.0021692693838603,0.1622278642069785
148,CCCT,0.0021045636001623,0.15738887041060393
149,GACG,0.0020735493979965,0.15506948683617314
150,rve,0.0020727001829808,0.15500597866181984
151,CGGC,0.0020663050571509,0.15452772196745143
152,TCGC,0.0020502496811663,0.15332702768097856
153,CGCA,0.002036914891798,0.15232979127734683
154,Flavi_glycoprot,0.0020153374288127,0.15071613012435478
155,TGGA,0.0019996166449969,0.1495404581672102
156,GGGC,0.0019906080111321,0.14886675141498174
157,CGAC,0.0019883597390249,0.14869861536658643
158,GGAT,0.0019590271112084,0.1465049875960322
159,Flavi_glycop_C,0.0019465087589699,0.14556880808686098
160,GGGG,0.0019457528634718,0.14551227877190692
161,CATC,0.0019294817727151,0.14429545235034003
162,CGTG,0.001910705047111,0.14289124312016457
163,TCAT,0.0018923231078198,0.14151655781211536
164,GTGA,0.0018787687675551,0.14050290239050797
165,AAGG,0.0018691354149157,0.13978247631734714
166,GCGT,0.001837889240875,0.13744574482748403
167,ATTG,0.0018351771444065,0.13724292187664097
168,CCGA,0.0018351192994276,0.13723859596513738
169,Adeno_hexon_C,0.0018336788864307,0.1371308753077577
170,Adeno_hexon,0.0018233548381436,0.13635879586200186
171,TCTG,0.0018229773297231,0.13633056405951874
172,ACCA,0.0018229060831668,0.13632523591689769
173,ATCG,0.0018159550474575,0.13580540574479638
174,CCCA,0.0018122663630571,0.1355295490916473
175,TCCG,0.0018091951160594,0.13529986722521062
176,Astro_capsid_p,0.0018073025876258,0.13515833531219965
177,CTCG,0.0017899733539678,0.13386237613553056
178,TGCG,0.0017894282659341,0.1338216119648057
179,GCCA,0.0017792997522658,0.13306415549018588
180,GGGT,0.0017784178950331,0.1329982061818792
181,CGTC,0.0017724975455588,0.1325554554300729
182,GCAC,0.0017714796913424,0.13247933564668907
183,TGAG,0.0017691368955181,0.1323041306833604
184,CAAT,0.0017581546277499,0.13148282658095625
185,IN_DBD_C,0.0017430366890024,0.13035223812916402
186,GP41,0.001733403165176,0.1296317992538581
187,RNase_H,0.0017272064147474,0.1291683779773053
188,CTCA,0.0017252346103222,0.1290209174438584
189,CTGC,0.0017158610027493,0.1283199162921435
190,ACCC,0.0017014560567446,0.12724264869147292
191,TCAA,0.0016962661898979,0.12685452676419043
192,TCGG,0.0016852293953905,0.12602914490339057
193,CCTG,0.0016711307724707,0.12497478554094543
194,Flavi_NS5,0.0016586872103523,0.12404419917826762
195,CCGG,0.0016586467575906,0.12404117393613738
196,TGAC,0.0016530480121609,0.12362247420245907
197,TGAA,0.0016304035493976,0.12192901793670596
198,GACA,0.0016221384082066,0.12131091295962886
199,AGGA,0.0016195276213705,0.12111566640543349
200,TATG,0.0016156546955393,0.12082603133728465
201,RNA_capsid,0.0016042595414107,0.11997384970860077
202,CTTG,0.0015958195952133,0.1193426720154046
203,GATT,0.0015880288783078,0.11876004665148077
204,GCCT,0.0015842052619954,0.11847409917417678
205,TGCC,0.0015720953467002,0.11756846444356914
206,AGCT,0.0015643407633259,0.1169885413100075
207,CCAC,0.0015639335850115,0.11695809065745692
208,GGCG,0.0015496496253352,0.11588987096655753
209,CoV_M,0.001549423126612,0.11587293235838664
210,Flavi_NS4B,0.0015485916811119,0.11581075306950288
211,CGCT,0.0015425941918301,0.11536223345085633
212,CoV_nucleocap,0.0015425343754674,0.11535776011027556
213,ATAC,0.0015409234926925,0.11523729094494081
214,AAGA,0.001531966220381,0.11456742524406181
215,CoV_S2,0.0015293314168267,0.11437038261007673
216,GCAA,0.0015291524904273,0.11435700167738075
217,Flavi_NS5_thumb,0.0015280563678636,0.11427502862980023
218,GATC,0.001520875175511,0.11373798629356965
219,Flavi_NS1,0.001519592883784,0.11364209066635561
220,CGAT,0.0015138500227456,0.11321261330977246
221,Flavi_DEAD,0.0015138210496754,0.11321044657136134
222,CCTT,0.0015003048231044,0.11219964146570456
223,CACG,0.0014996708873264,0.11215223285519518
224,Herpes_Helicase,0.0014968341280665,0.1119400870518999
225,Rubi_NSP_C,0.001492099979736,0.11158604583497674
226,DNA_pol_B_2,0.0014909039973958,0.11149660481758929
227,Adeno_IVa2,0.0014900427159212,0.1114321942583729
228,CAGG,0.0014888455292913,0.1113426631787058
229,Adeno_terminal,0.0014849609422421,0.11105215603145774
230,Hex_IIIa,0.0014842730583578,0.11100071293536158
231,Adeno_E1B_55K,0.0014830261670611,0.11090746471387884
232,Peptidase_S7,0.001478592661473,0.11057590693324616
233,Adeno_100,0.0014785073751131,0.11056952883003984
234,GGCT,0.0014771786017341,0.11047015709276549
235,Rubella_Capsid,0.0014732168224529,0.11017387715813386
236,Peptidase_C27,0.0014686887029035,0.1098352437136947
237,Flavi_M,0.0014684047676752,0.10981400974155509
238,Flavi_propep,0.0014676310548024,0.10975614796200955
239,Flavi_NS4A,0.0014630264982738,0.10941179821143786
240,Rubella_E1,0.0014569901971277,0.10896037606445706
241,AGGC,0.0014556642389857,0.10886121486345318
242,Adeno_Penton_B,0.0014513532011843,0.10853881578280415
243,Rubella_E2,0.0014440677250498,0.10799397462945343
244,TGGT,0.0014432891241962,0.10793574730439688
245,GCGA,0.0014372439375597,0.10748366065989412
246,AGTA,0.0014292619370071,0.10688673023189772
247,TTGT,0.001416197093287,0.10590968159576288
248,CGTA,0.001413880994366,0.10573647314869704
249,zf-CCHC,0.0014115855677867,0.10556481067368385
250,TGCA,0.0014064131541942,0.10517799398040015
251,TTAC,0.0014063374843509,0.10517233504419114
252,CGGG,0.0014020449910317,0.10485132280455065
253,ACAC,0.0013977388933738,0.10452929317037739
254,GTTA,0.001376551056795,0.10294477005816323
255,GAGA,0.0013713712574573,0.10255740102514786
256,GTCT,0.001366045092844,0.10215908612887029
257,ATCA,0.0013631328655482,0.1019412964814443
258,AGAT,0.0013598558695827,0.10169622776823917
259,CAAG,0.0013556246343619,0.1013797966887546
260,GTTT,0.0013466662060092,0.10070984453383895
261,Adeno_PVIII,0.0013388467153237,0.10012506733533463
262,ATAG,0.0013285076754779,0.0993518667524037
263,TGTC,0.0013226115966642,0.09891093107135869
264,GCTC,0.0013219603536871,0.09886222814951745
265,GAAG,0.0013217089482769,0.09884342690562847
266,GTTG,0.0013212614686417,0.09880996233638932
267,GGTT,0.001317883579778,0.09855734839182176
268,P3A,0.001300676396431,0.09727051669439829
269,Flavi_NS2A,0.001296288527312,0.09694237181719158
270,ACTA,0.0012892975973539,0.09641955817110355
271,CAGA,0.0012829270233403,0.0959431375736028
272,TACG,0.0012803035494965,0.09574694222707318
273,Viral_DNA_Zn_bi,0.0012678683589116,0.09481698192587484
274,AGAG,0.0012666335096898,0.09472463426570837
275,F-protein,0.001266113434401,0.09468574066219532
276,Adeno_PV,0.0012570016488525,0.09400431975631655
277,GGAC,0.0012563254331411,0.09395374925943875
278,MCPVI,0.0012491112806136,0.09341424201091204
279,Adeno_52K,0.0012466597918853,0.09323090849619112
280,GGTC,0.0012459423424736,0.09317725435503069
281,Peptidase_C5,0.0012369040488069,0.09250132950746061
282,CTGA,0.0012307469076632,0.09204087039399364
283,AACC,0.0012295123188709,0.09194854220993368
284,CACA,0.0012294991252781,0.09194755553285379
285,CGGA,0.0012225786748847,0.09143001267025469
286,GAGC,0.0012224862791631,0.09142310289653616
287,Herpes_UL6,0.0012195305980659,0.09120206357553563
288,CATG,0.0012194935042518,0.09119928953083584
289,Herpes_glycop,0.001218846145194,0.09115087706620452
290,Adeno_knob,0.0012167472888419,0.09099391500984963
291,Glycoprot_B_PH1,0.0012145061623211,0.09082631334101493
292,TCAG,0.0012135562842327,0.09075527712269892
293,AGCG,0.0012126707362937,0.09068905180653222
294,Glycoprotein_B,0.001210598902524,0.09053411062220951
295,CoV_NSP4_N,0.0012096609102098,0.09046396327633012
296,CoV_ExoN,0.0012091099278547,0.09042275830135162
297,Viral_DNA_bi,0.0012081821242111,0.09035337291075674
298,CoV_Methyltr_2,0.0012073110771302,0.0902882320349349
299,Adeno_E3_15_3,0.0012063568272132,0.0902168688713249
300,CoV_NSP4_C,0.0012060843850252,0.09019649440118856
301,AAA_11,0.001205769045179,0.0901729118484042
302,CoV_NSP10,0.001205691503906,0.09016711295814177
303,CoV_RPol_N,0.0012052361093047,0.09013305647161687
304,CoV_NSP15_C,0.0012047665464003,0.09009794041472767
305,GACC,0.0012024391882802,0.08992388995337064
306,CoV_NSP8,0.0012003738643794,0.0897694356067527
307,CoV_NSP3_C,0.0012003228552215,0.08976562090913945
308,CoV_peptidase,0.0012002877963937,0.08976299905000204
309,Peptidase_C30,0.0011998098061384,0.08972725275735347
310,Flavi_NS2B,0.0011994116605398,0.08969747761251214
311,Adeno_E4_34,0.0011993828034288,0.0896953195460592
312,CoV_NSP9,0.0011969243144126,0.08951146251786259
313,CoV_NSP15_N,0.0011967055171665,0.0894950998612957
314,CoV_NSP6,0.0011935002121836,0.0892553925269385
315,GACT,0.0011882805389756,0.08886504154393363
316,AAA_12,0.0011847386287355,0.0886001613323106
317,TTGG,0.0011779549819236,0.08809284926585317
318,Integrase_Zn,0.0011778240851832,0.08808306021024544
319,Herpes_MCP,0.0011778006565631,0.08808130811111547
320,CTGG,0.0011776324266661,0.08806872711168354
321,DNA_pol_B_exo1,0.0011760478184292,0.08795022287620698
322,CTGT,0.0011742031308203,0.08781226871839354
323,Adeno_VII,0.0011717410407969,0.08762814239044495
324,GCGG,0.001160543551226,0.08679074301944824
325,Vif,0.0011526290536651,0.08619886077322794
326,TGTT,0.0011430895121792,0.08548545032624259
327,CAAC,0.0011393332826604,0.08520454234089052
328,RVT_connect,0.0011363883752106,0.0849843087224092
329,TTCG,0.0011348854619849,0.0848719140126937
330,ACTT,0.0011321173750578,0.08466490383983837
331,CCGT,0.0011293303287409,0.08445647579729068
332,Gag_p17,0.0011222747120668,0.08392882458337575
333,UDG,0.0011120394637535,0.08316338600490843
334,Pneumo_NS1,0.0011114846573599,0.0831218950508795
335,ACGG,0.0011060010957062,0.08271180928562337
336,GGCA,0.0010977806871272,0.08209704961741345
337,CATT,0.0010941637048544,0.08182655517658625
338,GGTG,0.00108977389077,0.08149826484599088
339,CTAT,0.0010890448345158,0.08144374269217929
340,Pneumo_M2,0.0010871049895145,0.08129867223030172
341,TGTG,0.001083065682916,0.08099659444907858
342,GCTG,0.0010710884821949,0.08010088471997863
343,TTTG,0.001066047213624,0.07972387564990384
344,GTCC,0.0010619208059795,0.07941528405496631
345,AGTG,0.0010599871758118,0.07927067836670738
346,Arena_ncap_C,0.0010433095734049,0.07802345114878119
347,Arena_glycoprot,0.001041959937915,0.07792251924764737
348,Arena_nucleocap,0.0010300236645392,0.07702987025220506
349,DNA_pack_C,0.0010162293725065,0.07599827014234227
350,TGGC,0.0010141903072692,0.07584577953841497
351,AGGT,0.0010003642781356,0.07481180598331137
352,TAGA,0.0009893549972098,0.07398848171370459
353,TGTA,0.0009892928639682,0.07398383510634636
354,PP_M1,0.0009817858994699,0.07342243004236595
355,GTGC,0.0009816988763551,0.07341592205670236
356,TATC,0.0009808450610151,0.07335206984910385
357,AACT,0.0009788829981291,0.07320533783241483
358,TAAC,0.000971809063909,0.07267631674881603
359,Astro_1A,0.0009609076418494,0.0718610586574486
360,GATA,0.0009595622202352,0.07176044188917008
361,TGCT,0.00095802549413,0.07164551849801702
362,GTAT,0.0009552281419193,0.07143631973369899
363,AAGT,0.0009548494869096,0.07140800218404289
364,GCTT,0.000952976998975,0.07126796899100399
365,Rhabdo_M2,0.0009340504200732,0.06985255304735574
366,GCTA,0.0009315271711932,0.06966385298100594
367,Flavi_capsid,0.0009271112987508,0.06933361388747934
368,CAGC,0.0009256492540394,0.06922427551177082
369,CoV_NSP2_C,0.0009208281984882,0.06886373497627375
370,CoV_NSP7,0.0009202224222952,0.06881843226803981
371,Herpes_VP19C,0.0009142606018717,0.06837258012939541
372,Herpes_UL52,0.0009132517393211,0.06829713278381448
373,CoV_NSP15_M,0.000913142088288,0.0682889325791556
374,Viral_DNA_bp,0.0009111323631442,0.06813863616131673
375,Herpes_V23,0.0009099478437038,0.06805005239188844
376,DNA_pack_N,0.0009098223063859,0.06804066413835352
377,Herpes_UL69,0.000908180343897,0.06791787069017044
378,Viral_alk_exo,0.0009053689882552,0.06770762468536866
379,DNA_pol_B,0.0009020549871911,0.06745978856201366
380,ATCT,0.0009017364657636,0.06743596807606023
381,CCTA,0.0009005246466944,0.06734534271580563
382,CTTA,0.0008949646317781,0.06692953942667001
383,Herpes_env,0.0008916649497418,0.06668277414556026
384,Ribonuc_red_lgC,0.0008909827332444,0.06663175488252017
385,GTGG,0.0008903744345908,0.06658626353317107
386,Herpes_UL17,0.0008880319433329,0.06641108134670773
387,CCAT,0.0008820503392062,0.06596374969245308
388,E7,0.0008792205499411,0.06575212513717721
389,AGTC,0.0008773593319377,0.06561293476102491
390,Herpes_UL7,0.000875560003807,0.06547837279199387
391,GTCA,0.0008752518450403,0.0654553272731061
392,AGCC,0.0008743340480458,0.06538669022539728
393,GTAA,0.0008724933845688,0.06524903701053186
394,ACCT,0.0008657668192426,0.06474599375807225
395,Herpes_UL25,0.0008618516250615,0.06445319766982194
396,ACTC,0.0008589673677067,0.06423749974222763
397,GCAG,0.0008584081678301,0.06419568022348986
398,CCAA,0.0008566251262747,0.06406233623888519
399,ATGT,0.0008529109712026,0.06378457477266837
400,RVT_thumb,0.0008501178980581,0.06357569601644872
401,PRTP,0.0008414306040359,0.062926020524117
402,RVP,0.0008264093739972,0.06180266439090891
403,GTAC,0.0008178675295382,0.06116386628068719
404,Vpu,0.0008177511446266,0.06115516248586334
405,GTGT,0.0007981095516961,0.05968627453010952
406,CTAC,0.0007970798104497,0.05960926578037461
407,AATC,0.0007966730881887,0.05957884923357854
408,TAGG,0.0007881268403892,0.05893972182145914
409,AAGC,0.0007877793821871,0.05891373731144519
410,CTAA,0.000781501557949,0.058444252965429384
411,CACT,0.0007749048745642,0.05795092287727714
412,Glycoprotein_G,0.0007540779975089,0.056393393965505884
413,ATCC,0.0007469933238761,0.05586356973961497
414,TTCA,0.0007276211833736,0.0544148326661006
415,TACC,0.0007259685127725,0.054291238416419633
416,TTGC,0.0007216231464201,0.05396627209006497
417,Herpes_glycoH_C,0.0007209234834624,0.05391394810110496
418,TAAG,0.0007202390585511,0.053862763682795106
419,AGTT,0.0007187574617185,0.05375196311023515
420,TCAC,0.0007164946463717,0.053582739452013
421,GAGT,0.0006996473669574,0.052322823013135115
422,GAAC,0.000690228682755,0.05161845082535442
423,Polyoma_coat2,0.0006875089348085,0.05141505566206823
424,TCTA,0.0006805780939861,0.05089673575577073
425,TTAG,0.000677474714828,0.05066465089974096
426,GTTC,0.0006767866100106,0.05061319128125933
427,CATA,0.0006695882730269,0.05007486679127383
428,TACT,0.0006668183772105,0.0498677213414216
429,CAGT,0.0006542274226098,0.048926112296276775
430,ACAT,0.0006305029914195,0.04715189106300663
431,Glycoprot_B_PH2,0.0006270375197471,0.046892727276311406
432,Herpes_U34,0.0006259194952165,0.04680911629969426
433,ATTC,0.0006241586730582,0.046677433983005216
434,ATGC,0.0006174667439904,0.04617698098801485
435,TAGT,0.0006137342554742,0.04589784846318169
436,Hanta_nucleocap,0.0006053135337912,0.04526810846690539
437,NP1-WLL,0.0005951593978952,0.04450873584516853
438,Peptidase_S21,0.0005942043623629,0.04443731392966115
439,CCAG,0.0005932361590945,0.04436490727075592
440,GTAG,0.0005897900999273,0.04410719523979051
441,CGGT,0.0005864866847306,0.04386015077590937
442,ACTG,0.0005825123462763,0.04356293160899826
443,TAGC,0.0005783471621513,0.04325144013188852
444,CTAG,0.0005755499114806,0.04304224896119507
445,Gag_p6,0.000564762025057,0.042235481582819166
446,CoV_S1_C,0.0005639244006652,0.042172840208216086
447,GGTA,0.0005316841988323,0.03976177078370513
448,Herpes_UL31,0.0005306126348466,0.039681634338663035
449,Viral_Rep,0.0005142644443841,0.03845904204924405
450,VPR,0.0005133814867846,0.03839301045048645
451,Paramyx_P_V_C,0.0004831906011371,0.036135198242582975
452,GCAT,0.0004525401036165,0.03384301416132346
453,TCCA,0.0004438888352971,0.033196032835454095
454,RdRP_4,0.0004217377096981,0.03153947057424176
455,Astro_p19,0.0003392385606107,0.025369807712211572
456,Astrovir_pp_1,0.0003312608107321,0.024773195169015275
457,Adeno_E1A,0.0003038325321728,0.022721983326606375
458,Pox_E6,0.0003026523974638,0.022633727467402342
459,Pox_Ag35,0.0003023974455402,0.02261466099905645
460,Pox_mRNA-cap,0.0003022274204915,0.022601945749988025
461,Pox_A3L,0.0003021763213601,0.022598124323745843
462,RNA_pol_Rpb2_6,0.0003021145614756,0.022593505637735403
463,Pox_D3,0.000302024615729,0.022586779084328074
464,RNA_pol_Rpb2_7,0.0003019148697776,0.02257857178124555
465,Pox_RNA_pol_35,0.0003019073863064,0.02257801213311763
466,Pox_J1,0.0003018793219902,0.022575913355477824
467,PLDc_3,0.0003018751453013,0.022575601003621142
468,NPHI_C,0.0003017878902709,0.022569075674250604
469,Pox_VLTF3,0.0003017559137911,0.022566684327163234
470,Pox_E8,0.0003017262948973,0.02256446929111603
471,Pox_G9-A16,0.0003016114357346,0.022555879598757832
472,Pox_F15,0.000301609835355,0.02255575991506785
473,DNAP_B_exo_N,0.0003015180851056,0.022548898412706103
474,rpo30_N,0.0003015119581427,0.022548440210459424
475,Pox_A8,0.0003015076790097,0.02254812019736542
476,Pox_G7,0.0003014949586811,0.0225471689131422
477,VirDNA-topo-I_N,0.0003013942320083,0.022539636112873778
478,Pox_P4B,0.0003013909066546,0.0225393874277485
479,Pox_F16,0.0003013686594709,0.022537723681824127
480,Peptidase_C92,0.0003013442544475,0.022535898562799462
481,Pox_P35,0.0003013102731564,0.022533357286773917
482,Chordopox_A35R,0.0003012697386526,0.02253032593159641
483,DSPc,0.0003012085375717,0.022525749035469344
484,Pox_Rap94,0.0003011954642254,0.022524771350971484
485,Pox_RNA_pol,0.0003011790367216,0.02252354282726873
486,RNA_pol_Rpb2_3,0.0003011667378275,0.022522623059840676
487,PARP_regulatory,0.0003011029330232,0.022517851445395396
488,Pox_I3,0.0003010809941727,0.022516210758034824
489,Pox_A11,0.0003008718818751,0.022500572386115015
490,Pox_G5,0.0003008454836318,0.02249859820500997
491,Pox_A22,0.0003007224207569,0.022489395001614974
492,Pox_Rif,0.0003006592881597,0.022484673657884317
493,Pox_E2-like,0.0003006571393443,0.02248451295966237
494,Pox_I1,0.000300608022668,0.022480839790459697
495,Pox_ser-thr_kin,0.0003005093805022,0.022473462879137596
496,Pox_F12L,0.0003004964801773,0.022472498133969628
497,3Beta_HSD,0.0003004555673969,0.022469438489541672
498,Pox_polyA_pol_C,0.0003004551896493,0.02246941023985225
499,Pox_TAP,0.0003004385033845,0.022468162364821038
500,Peptidase_C57,0.0003004174760945,0.02246658984811466
501,Pox_A6,0.0003004063077554,0.022465754628748908
502,Pox_EPC_I2-L1,0.0003003764874215,0.022463524528091732
503,RNA_pol_Rpb1_1,0.0003003525959203,0.022461737812600698
504,rpo132,0.0003003466468532,0.022461292914213785
505,Chordopox_L2,0.000300332255376,0.022460216653871795
506,Pox_H7,0.0003003235242503,0.022459563700446564
507,Pox_VP8_L4R,0.0003003095196474,0.022458516372330272
508,Chordopox_A33R,0.0003002613147421,0.022454911389523942
509,Chordopox_G2,0.0003002477097937,0.02245389394939502
510,Pox_int_trans,0.0003001765962002,0.022448575750338956
511,Pox_RNA_Pol_22,0.0003001490506059,0.02244651576509008
512,Pox_A28,0.0003001215915546,0.022444462251921683
513,Pox_L3_FP4,0.0003000721352887,0.022440763686658975
514,TFIIS_C,0.0003000650984283,0.02244023743812483
515,SNF2-rel_dom,0.0003000307275752,0.022437667028875122
516,Pox_polyA_pol_N,0.000300028376925,0.022437491236525733
517,Chordopox_A20R,0.0003000276703586,0.022437438396265854
518,Pox_A30L_A26L,0.0002999918019763,0.02243475599494844
519,Pox_ATPase-GT,0.0002999821058978,0.02243403087794917
520,Pox_P21,0.0002999553997841,0.022432033672890612
521,Chordopox_G3,0.0002999256228058,0.022429806814563063
522,Pox_MCEL,0.0002999149322988,0.022429007329662385
523,Pox_A32,0.0002999007301184,0.022427945225798978
524,DUF1235,0.0002998127191241,0.02242136336199808
525,Chordopox_A15,0.0002997525718948,0.022416865277703014
526,L1R_F9L,0.0002997105573954,0.022413723241700434
527,Glrx-like,0.000299688975227,0.022412109228655056
528,Pox_L5,0.0002996736939146,0.02241096642237596
529,PLDc,0.0002996621925957,0.022410106301261175
530,Pox_A31,0.0002996267540944,0.022407456048406747
531,Pox_VERT_large,0.0002993878853446,0.022389592353194824
532,Pox_polyA_pol,0.0002993749171411,0.022388622531755373
533,Pox_LP_H2,0.0002992664887308,0.02238051376040904
534,Pox_A12,0.0002992096982817,0.022376266711456337
535,PLDc_2,0.0002991847176936,0.022374398549076763
536,Pox_P4A,0.0002991609069192,0.022372617870704232
537,Pox_F17,0.0002990801224529,0.022366576439646176
538,DNA_pol_B_3,0.0002989981147251,0.022360443527510668
539,Pox_D5,0.0002988356331792,0.022348292416007172
540,Pox_A9,0.0002986713797352,0.022336008793877524
541,Pox_I6,0.0002980666114321,0.02229078146024992
542,Peptidase_M44,0.0002980596096981,0.022290257838628272
543,Herpes_glycop_H,0.0002908330792203,0.021749824910490094
544,AAA_30,0.0002842474229084,0.02125731947717248
545,Gag_p24,0.0002534833116099,0.018956638839113544
546,Bunya_nucleocap,0.0002522678573152,0.018865741620106336
547,Nairo_nucleo,0.0001865160014259,0.013948517771409307
548,Bunya_RdRp,0.0001663813936369,0.012442759914613306
549,Arena_RNA_pol,0.0001326833788586,0.009922668585167401
550,ArenaCapSnatch,0.0001289640567061,0.009644520701097769
551,L_protein_N,0.0001270449264356,0.009500999381323209
552,HCV_NS4b,0.0001159671661517,0.008672553912805168
553,RdRP_3,0.0001140281446422,0.008527545035402493
554,Peptidase_S29,0.0001096546960378,0.008200478590087053
555,HCV_NS2,0.0001038938826893,0.007769658677827418
556,DUF3674,9.889166599486364e-05,0.007395570085291801
557,HCV_NS5a_1a,9.824865277324374e-05,0.007347482622122699
558,HCV_NS5a_1b,9.807935343819768e-05,0.007334821645233185
559,HCV_NS4a,9.557461644272573e-05,0.007147505982089254
560,Hanta_G2,8.297561392348139e-05,0.00620529507686819
561,Tenui_N,7.771262816650559e-05,0.005811704983789683
562,Bunya_G1,7.05442079644373e-05,0.005275617807262886
563,Bunya_G2,6.915178127488413e-05,0.005171485784936998
564,Nairovirus_M,6.137510500750325e-05,0.004589910444007582
565,Rep_N,6.007310012305295e-05,0.004492540576916409
566,HCV_env,5.604483863096504e-05,0.004191288799156234
567,HCV_core,5.516046604398844e-05,0.004125151381177696
568,HCV_NS1,5.504015880563786e-05,0.004116154256859496
569,HCV_NS5a_C,5.4741224147923655e-05,0.004093798558936853
570,HCV_capsid,3.675284591317488e-05,0.002748545542745055
571,HCV_NS5a,3.181771132589791e-05,0.0023794736563188504
572,ITAM_Cys-rich,2.7481430070425903e-05,0.0020551867549732303
573,Neur,2.674331790642458e-05,0.0019999873588991295
574,Hanta_G1,2.5815441462320512e-05,0.001930596523950314
575,Hemagglutinin,2.441297316296055e-05,0.0018257135442171653
576,FtsJ,1.9985096137766966e-05,0.001494576693205136
577,Phlebovirus_G2,1.9757917568671215e-05,0.0014775872430556037
578,Phlebovirus_G1,1.871746943543633e-05,0.00139977778346121
579,Calici_MSP,1.8392224483187165e-05,0.0013754544816435318
580,Phlebo_G2_C,1.7818999429096483e-05,0.0013325860961276785
581,Peptidase_C24,1.777554491843276e-05,0.0013293363695111573
582,Flu_M1,1.616570110882953e-05,0.0012089449027427423
583,Flu_M1_C,1.5945478407822794e-05,0.0011924756441527194
584,DUF3770,1.558880868544699e-05,0.0011658022546148302
585,Circo_capsid,1.4547419249013649e-05,0.0010879224000715228
586,Rota_NSP4,1.1562461439401292e-05,0.0008646936329095473
587,TT_ORF2,9.169122945961842e-06,0.0006857088581260233
588,Parecho_VpG,7.697206447676789e-06,0.0005756322251433228
589,Picorna_P3A,7.621770083274342e-06,0.0005699907495517712
590,Polyoma_agno,6.469609930583533e-06,0.00048382695533327806
591,Flu_NS1,6.020504521565318e-06,0.00045024080330859323
592,Metaviral_G,4.119347393701255e-06,0.00030806359716261707
593,NSs,3.5131188622035733e-06,0.0002627270609915357
594,TLV_coat,3.4946448049033105e-06,0.00026134548667837887
595,Rota_Capsid_VP6,3.346400271074593e-06,0.00025025908390962953
596,Paramyxo_P,2.8298690060544704e-06,0.0002116305186683567
597,Rota_NS26,2.3182236687905693e-06,0.00017336734540212336
598,VP7,2.240714455642107e-06,0.00016757085272168812
599,Tax,1.9848810829313432e-06,0.00014843846558870865
600,Gag_p19,1.7275427057559837e-06,0.00012919352735362547
601,Phlebovirus_NSM,1.5901132337093448e-06,0.00011891592426057658
602,Flu_PA,1.5745925322016374e-06,0.00011775521537152716
603,Flu_PB2,1.3933425191661843e-06,0.00010420051224383016
604,Flu_NP,1.3481236630298482e-06,0.00010081883982109667
605,Herpes_TK,1.3168055565784446e-06,9.847672889729026e-05
606,Rota_NS35,9.64450311607974e-07,7.212599566932924e-05
607,HAV_VP,8.060846280666312e-07,6.028268713617161e-05
608,Flu_PB1,7.526349629737861e-07,5.6285477257534905e-05
609,Paramyxo_P_V_N,7.446253874363436e-07,5.5686484646330726e-05
610,Rota_NSP3,7.178480097754376e-07,5.3683950143556316e-05
611,DNA_pol_viral_N,6.547869137415992e-07,4.8967953596407514e-05
612,Helicase_C,5.333115005803167e-07,3.9883467834779194e-05
613,Integrase_H2C2,3.6279323622605993e-07,2.7131333848890835e-05
614,Adeno_PIX,3.386177923743677e-07,2.532338383055953e-05
615,RT_RNaseH_2,3.20392898651864e-07,2.396044310683089e-05
616,SH3_11,3.140662274144273e-07,2.3487305759286427e-05
617,Foamy_virus_ENV,3.13554900724624e-07,2.344906641593148e-05
618,Gag_spuma,3.042726447148893e-07,2.2754896951002254e-05
619,Adeno_shaft,3.02965581037026e-07,2.2657148764253337e-05
620,Spuma_A9PTase,2.937357900486922e-07,2.1966902873053942e-05
621,Foamy_BEL,2.130743234769905e-07,1.5934670295999116e-05
622,Rota_VP4_MID,1.964723741949995e-07,1.4693100764004362e-05
623,X,1.9132156311767442e-07,1.4307899605390719e-05
624,Gyro_capsid,1.9016401558036104e-07,1.422133291796427e-05
625,VP4_helical,1.4934444593854484e-07,1.1168659215883238e-05
626,dUTPase,1.0341114434476869e-07,7.733557301397734e-06
627,vMSA,8.566189100768913e-08,6.40618713632448e-06
628,RSV_NS2,1.510862625870988e-15,1.1298920213819889e-13
629,Topoisom_I,3.459025145636904e-16,2.5868168600449186e-14
630,Herpes_UL16,2.386166628359504e-16,1.784484299833084e-14
631,Adeno_E4_ORF3,8.951344132726806e-17,6.69422364616499e-15
632,Rota_NS53,1.0029663546789928e-18,7.500640114206778e-17
633,Vesiculo_matrix,4.842631947378148e-19,3.6215411686934636e-17
634,BDV_P10,4.4596204086247873e-20,3.335107660891799e-18
635,Rotavirus_VP3,1.506483881048819e-20,1.1266173961754884e-18
636,Ribonuc_red_lgN,1.1323393651255584e-20,8.468150527017963e-19
637,Rota_VP2,8.240083464435715e-21,6.162310459311464e-19
638,D5_N,5.8777601666394904e-21,4.395657290188289e-19
639,Flu_NS2,5.616866286685222e-21,4.200548940600396e-19
640,Hep_core_N,2.599650406713805e-21,1.9441372118362188e-19
641,Rotavirus_VP1,2.3336580048954764e-21,1.7452159549221406e-19
642,DUF2677,0.0,0.0
643,Profilin,0.0,0.0
644,DUF3640,0.0,0.0
645,Pox_E10,0.0,0.0
646,Pox_D2,0.0,0.0
647,Pox_C7_F8A,0.0,0.0
648,BALF1,0.0,0.0
649,An_peroxidase,0.0,0.0
650,Ank,0.0,0.0
651,Ank_2,0.0,0.0
652,Ank_3,0.0,0.0
653,Pox_I5,0.0,0.0
654,Carb_anhydrase,0.0,0.0
655,CSD,0.0,0.0
656,CNV-Replicase_N,0.0,0.0
657,Alpha_TIF,0.0,0.0
658,AlbA_2,0.0,0.0
659,DPRP,0.0,0.0
660,DUF3746,0.0,0.0
661,DUF3724,0.0,0.0
662,GSHPx,0.0,0.0
663,GFP,0.0,0.0
664,GDP_Man_Dehyd,0.0,0.0
665,Pox_F11,0.0,0.0
666,Poxvirus_B22R_N,0.0,0.0
667,Poxvirus_B22R_C,0.0,0.0
668,Poxvirus_B22R,0.0,0.0
669,Poxv_Bcl-2-like,0.0,0.0
670,Pox_vIL-18BP,0.0,0.0
671,RNA_ligase,0.0,0.0
672,RL11D,0.0,0.0
673,RdRP_5,0.0,0.0
674,Resolvase,0.0,0.0
675,ResIII,0.0,0.0
676,Rep_3,0.0,0.0
677,Reovirus_cap,0.0,0.0
678,DUF865,0.0,0.0
679,Pox_T4_C,0.0,0.0
680,Pox_RNA_Pol_19,0.0,0.0
681,BACK,0.0,0.0
682,B3R,0.0,0.0
683,B-CoV_A_NSP1,0.0,0.0
684,Av_adeno_fibre,0.0,0.0
685,Acetyltransf_7,0.0,0.0
686,Acetyltransf_1,0.0,0.0
687,DnaJ,0.0,0.0
688,GBV-C_env,0.0,0.0
689,Pox_M2,0.0,0.0
690,Ank_5,0.0,0.0
691,Ank_4,0.0,0.0
692,Pox_T4_N,0.0,0.0
693,GlyL_C,0.0,0.0
694,HCMVantigenic_N,0.0,0.0
695,HCMV_UL124,0.0,0.0
696,Guanylate_kin,0.0,0.0
697,Gp_UL130,0.0,0.0
698,Herpes_UL32,0.0,0.0
699,Herpes_UL3,0.0,0.0
700,Herpes_UL24,0.0,0.0
701,Glutaredoxin,0.0,0.0
702,Gene66,0.0,0.0
703,Gemini_AL1_M,0.0,0.0
704,Gasdermin_C,0.0,0.0
705,Gag_p12,0.0,0.0
706,Glyco_hydro_2_N,0.0,0.0
707,Glyco_hydro_2_C,0.0,0.0
708,Glyco_hydro_2,0.0,0.0
709,Phage_glycop_gL,0.0,0.0
710,Peptidase_S32,0.0,0.0
711,PK_Tyr_Ser-Thr,0.0,0.0
712,PDGF,0.0,0.0
713,Orthoreo_P17,0.0,0.0
714,Herpes_HEPA,0.0,0.0
715,Herpes_DNAp_acc,0.0,0.0
716,Herpes_BTRF1,0.0,0.0
717,Gag_p10,0.0,0.0
718,Glyco_transf_29,0.0,0.0
719,GBR_NSP5,0.0,0.0
720,GATase_5,0.0,0.0
721,Gag_p30,0.0,0.0
722,Pox_TAA1,0.0,0.0
723,Pox_C4_C10,0.0,0.0
724,Pox_B6,0.0,0.0
725,Pox_A_type_inc,0.0,0.0
726,Flu_M2,0.0,0.0
727,GAGE,0.0,0.0
728,G-patch,0.0,0.0
729,Fusion_gly_K,0.0,0.0
730,DUF1231,0.0,0.0
731,DUF1314,0.0,0.0
732,PolyG_pol,0.0,0.0
733,Pkinase,0.0,0.0
734,Pox_A14,0.0,0.0
735,Polysacc_synt_2,0.0,0.0
736,Pox_A51,0.0,0.0
737,Pox_A21,0.0,0.0
738,Esterase,0.0,0.0
739,Epimerase,0.0,0.0
740,Flu_C_NS2,0.0,0.0
741,Flu_C_NS1,0.0,0.0
742,Flu_B_NS1,0.0,0.0
743,Flu_B_M2,0.0,0.0
744,DUF1406,0.0,0.0
745,DUF1029,0.0,0.0
746,ig,0.0,0.0
747,zf-RING_2,0.0,0.0
748,zf-Paramyx-P,0.0,0.0
749,zf-H3C2,0.0,0.0
750,zf-H2C2,0.0,0.0
751,zf-FCS,0.0,0.0
752,zf-CCHC_5,0.0,0.0
753,dsrm,0.0,0.0
754,dNK,0.0,0.0
755,bCoV_viroporin,0.0,0.0
756,bCoV_SUD_M,0.0,0.0
757,bCoV_SUD_C,0.0,0.0
758,Beta-lactamase2,0.0,0.0
759,zf-C3HC4_2,0.0,0.0
760,zf-C3HC4,0.0,0.0
761,Herpes_UL79,0.0,0.0
762,Herpes_UL74,0.0,0.0
763,Herpes_UL73,0.0,0.0
764,zf-RING_UBOX,0.0,0.0
765,bCoV_NS6,0.0,0.0
766,bCoV_NAB,0.0,0.0
767,Y_phosphatase,0.0,0.0
768,gpUL132,0.0,0.0
769,V-set_CD47,0.0,0.0
770,Herpes_UL51,0.0,0.0
771,bCoV_S1_RBD,0.0,0.0
772,DUF2664,0.0,0.0
773,DUF1664,0.0,0.0
774,DUF5500,0.0,0.0
775,DUF5472,0.0,0.0
776,DUF5441,0.0,0.0
777,DUF5438,0.0,0.0
778,DUF5132,0.0,0.0
779,Rotavirus_VP7,0.0,0.0
780,Soyouz_module,0.0,0.0
781,SoPB_HTH,0.0,0.0
782,Sigma_1_2,0.0,0.0
783,Serpin,0.0,0.0
784,VP4_haemagglut,0.0,0.0
785,SHP,0.0,0.0
786,Ribosomal_S17e,0.0,0.0
787,Ribosomal_L6e,0.0,0.0
788,Ribonuc_red_sm,0.0,0.0
789,S1,0.0,0.0
790,VP3-like,0.0,0.0
791,CoV_NSP2_N,0.0,0.0
792,CoV_S1,0.0,0.0
793,Baculo_p26,0.0,0.0
794,Baculo_gp64,0.0,0.0
795,UL16,0.0,0.0
796,UL141,0.0,0.0
797,RmlD_sub_bind,0.0,0.0
798,Sema,0.0,0.0
799,CoV_S2_C,0.0,0.0
800,Cytomega_gL,0.0,0.0
801,DUF4573,0.0,0.0
802,DUF4158,0.0,0.0
803,DUF848,0.0,0.0
804,DUF832,0.0,0.0
805,DUF755,0.0,0.0
806,DUF717,0.0,0.0
807,DUF678,0.0,0.0
808,DUF5906,0.0,0.0
809,Bax1-I,0.0,0.0
810,CMV_US,0.0,0.0
811,Herpes_UL49_2,0.0,0.0
812,CM1,0.0,0.0
813,CD47,0.0,0.0
814,CAT,0.0,0.0
815,C1-set,0.0,0.0
816,CbiA,0.0,0.0
817,RINGv,0.0,0.0
818,REV,0.0,0.0
819,Bgal_small_N,0.0,0.0
820,Beta_helix,0.0,0.0
821,Gag_MA,0.0,0.0
822,Beta-lactamase,0.0,0.0
823,Bcl-2,0.0,0.0
824,CM2,0.0,0.0
825,Herpes_UL49_1,0.0,0.0
826,Herpes_UL47,0.0,0.0
827,Herpes_UL92,0.0,0.0
828,Herpes_UL87,0.0,0.0
829,Herpes_UL82_83,0.0,0.0
830,RNA_pol_Rpb1_4,0.0,0.0
831,RNA_pol_Rpb1_3,0.0,0.0
832,RNA_pol_Rpb1_2,0.0,0.0
833,RT_RNaseH,0.0,0.0
834,Reovirus_Mu2,0.0,0.0
835,Reovirus_M2,0.0,0.0
836,Reovirus_L2,0.0,0.0
837,Corona_3,0.0,0.0
838,Cytomega_US3,0.0,0.0
839,Cytomega_UL84,0.0,0.0
840,Cytomega_UL20A,0.0,0.0
841,Cytomega_TRL10,0.0,0.0
842,Cyclin_N,0.0,0.0
843,Corona_NS4,0.0,0.0
844,Corona_NS3b,0.0,0.0
845,DNA_ligase_A_M,0.0,0.0
846,DUF587,0.0,0.0
847,DUF570,0.0,0.0
848,Corona_NS2A,0.0,0.0
849,Corona_NS12-7,0.0,0.0
850,Corona_6B_7B,0.0,0.0
851,Reo_sigma1,0.0,0.0
852,Herpes_UL37_1,0.0,0.0
853,Herpes_UL36,0.0,0.0
854,Herpes_UL35,0.0,0.0
855,Herpes_UL56,0.0,0.0
856,IL10,0.0,0.0
857,KSHV_K1,0.0,0.0
858,KRTAP,0.0,0.0
859,K1,0.0,0.0
860,K-cyclin_vir_C,0.0,0.0
861,Ig_3,0.0,0.0
862,Ig_2,0.0,0.0
863,Herpes_UL46,0.0,0.0
864,EBV-NA1,0.0,0.0
865,Herpes_teg_N,0.0,0.0
866,Herpes_pp85,0.0,0.0
867,IRF-3,0.0,0.0
868,IRF,0.0,0.0
869,IL8,0.0,0.0
870,IL6,0.0,0.0
871,IL22,0.0,0.0
872,Adeno_E3_CR1,0.0,0.0
873,Adeno_PX,0.0,0.0
874,Herpes_gI,0.0,0.0
875,Herpes_gE_N,0.0,0.0
876,IFNGR1,0.0,0.0
877,I-set,0.0,0.0
878,Herpesvir_UL11,0.0,0.0
879,Herpes_glycop_D,0.0,0.0
880,Abhydrolase_6,0.0,0.0
881,Abhydrolase_11,0.0,0.0
882,Abhydrolase_1,0.0,0.0
883,Adeno_E3_14_5,0.0,0.0
884,Adeno_E3B,0.0,0.0
885,Adeno_E3A,0.0,0.0
886,MHC_I,0.0,0.0
887,MFS_1_like,0.0,0.0
888,MFS_1,0.0,0.0
889,M11L,0.0,0.0
890,NAD_binding_10,0.0,0.0
891,Herpes_UL37_2,0.0,0.0
892,Meis_PKNOX_N,0.0,0.0
893,Herpes_ori_bp,0.0,0.0
894,Kdo,0.0,0.0
895,KSHV_K8,0.0,0.0
896,Lectin_C,0.0,0.0
897,LacZ_4,0.0,0.0
898,LacY_symp,0.0,0.0
899,KilA-N,0.0,0.0
900,Marek_A,0.0,0.0
901,MLVIN_C,0.0,0.0
902,Herpes_UL43,0.0,0.0
903,Herpes_UL42,0.0,0.0
904,Herpes_UL4,0.0,0.0
905,Mx_ML,0.0,0.0
906,UN_NPL4,0.0,0.0
907,UL97,0.0,0.0
908,Sushi,0.0,0.0
909,Stealth_CR3,0.0,0.0
910,Thymidylat_synt,0.0,0.0
911,V-set,0.0,0.0
912,US6,0.0,0.0
913,US30,0.0,0.0
914,Vac_Fusion,0.0,0.0
915,US22,0.0,0.0
916,z-alpha,0.0,0.0
917,Chordopox_RPO7,0.0,0.0
918,Hydrolase_4,0.0,0.0
919,Herpes_UL55,0.0,0.0
920,RNA_pol_Rpb1_5,0.0,0.0
921,TNFR_c6,0.0,0.0
922,TK,0.0,0.0
923,BTV_NS2,0.0,0.0
924,BTB,0.0,0.0
925,BEN,0.0,0.0
926,bCoV_S1_N,0.0,0.0
927,bCoV_NSP3_N,0.0,0.0
928,bCoV_NSP1,0.0,0.0
929,bCoV_NS8,0.0,0.0
930,bCoV_NS7A,0.0,0.0
931,UL45,0.0,0.0
932,DED,0.0,0.0
933,Hum_adeno_E3A,0.0,0.0
934,VD10_N,0.0,0.0
935,DDE_Tnp_Tn3,0.0,0.0
936,DNA_ligase_A_N,0.0,0.0
937,Chordopox_E11,0.0,0.0
938,Chordopox_A30L,0.0,0.0
939,Chordopox_A13L,0.0,0.0
940,CoV_E,0.0,0.0
941,UL40,0.0,0.0
942,UL21a,0.0,0.0
943,UL20,0.0,0.0
944,UL2,0.0,0.0
945,US10,0.0,0.0
946,DNA_ligase_A_C,0.0,0.0
947,DNAPolymera_Pol,0.0,0.0
948,DHFR_1,0.0,0.0
949,Tegument_dsDNA,0.0,0.0
950,Tat,0.0,0.0
951,TT_ORF2a,0.0,0.0
952,U83,0.0,0.0
953,U79_P34,0.0,0.0
954,U71,0.0,0.0
955,U62_UL91,0.0,0.0
956,Thymidylate_kin,0.0,0.0
957,UL41A,0.0,0.0
958,US2,0.0,0.0
959,UL17,0.0,0.0
960,Herpes_BBRF1,0.0,0.0
961,Hema_stalk,0.0,0.0
962,Herpes_UL21,0.0,0.0
963,Herpes_UL20,0.0,0.0
964,HHV6-IE,0.0,0.0
965,HHV-5_US34A,0.0,0.0
966,HHV-1_VABD,0.0,0.0
967,HERV-K_env_2,0.0,0.0
968,Hema_esterase,0.0,0.0
969,Hema_HEFG,0.0,0.0
970,Orbi_VP4,0.0,0.0
971,Orthopox_F6,0.0,0.0
972,Herpes_heli_pri,0.0,0.0
973,Orthopox_C10L,0.0,0.0
974,Orthopox_B11R,0.0,0.0
975,Orthopox_A5L,0.0,0.0
976,Herpes_gE,0.0,0.0
977,Herpes_capsid,0.0,0.0
978,OTU,0.0,0.0
979,Orthopox_A36R,0.0,0.0
980,Orthopox_35kD,0.0,0.0
981,Orn_DAP_Arg_deC,0.0,0.0
982,Orn_Arg_deC_N,0.0,0.0
983,Orbi_VP7,0.0,0.0
984,Orbi_VP6,0.0,0.0
985,Orbi_VP5,0.0,0.0
986,Orthopox_F14,0.0,0.0
987,EBV-NA3,0.0,0.0
988,UL42,0.0,0.0
989,E7R,0.0,0.0
990,Peptidase_C16,0.0,0.0
991,Peptidase_A24,0.0,0.0
992,Phage_integrase,0.0,0.0
993,AIRS_C,0.0,0.0
994,AAA_31,0.0,0.0
995,A2L_zn_ribbon,0.0,0.0
996,Orthoreo_P10,0.0,0.0
997,Orthopox_F8,0.0,0.0
998,Orthopox_F7,0.0,0.0
999,Herpes_BLLF1,0.0,0.0
1000,Pap_E4,0.0,0.0
1001,Herpes_IE2_3,0.0,0.0
1002,Herpes_IE1,0.0,0.0
1003,Herpes_ICP4_N,0.0,0.0
1004,Herpes_ICP4_C,0.0,0.0
1005,7tm_1,0.0,0.0
1006,14-3-3,0.0,0.0
1007,ATP-cone,0.0,0.0
1008,APH,0.0,0.0
1009,HV_small_capsid,0.0,0.0
1010,HSV_VP16_C,0.0,0.0
1011,Herpes_BMRF2,0.0,0.0
1012,Herpes_BLRF2,0.0,0.0
1013,Papilloma_E5A,0.0,0.0
1014,Herpes_U47,0.0,0.0
1015,Herpes_UL33,0.0,0.0
1016,Orthopox_A49R,0.0,0.0
1017,Herpes_LAMP2,0.0,0.0
1018,Herpes_IE68,0.0,0.0
1019,Herpes_U44,0.0,0.0
1020,Herpes_U30,0.0,0.0
1021,Herpes_U26,0.0,0.0
1022,Herpes_U15,0.0,0.0
1023,Herpes_TK_C,0.0,0.0
1024,Herpes_TAF50,0.0,0.0
1025,Herpes_US9,0.0,0.0
1026,NPV_P10,0.0,0.0
1027,Herpes_UL95,0.0,0.0
1028,Herpes_PAP,0.0,0.0
1029,Herpes_ORF11,0.0,0.0
1030,Herpes_LP,0.0,0.0
1031,Herpes_LMP2,0.0,0.0
1032,Herpes_LMP1,0.0,0.0
1033,Adeno_E3,0.0,0.0
1034,Adeno_E1B_55K_N,0.0,0.0
1035,Adeno_E1B_19K,0.0,0.0
1036,Adeno_L433K_22K,0.0,0.0
1037,Adeno_GP19K,0.0,0.0
1038,Adeno_E4,0.0,0.0
1039,Adeno_E3_CR2,0.0,0.0
1040,Herpes_US12,0.0,0.0
1041,NPH-II,0.0,0.0
1042,NAD_binding_4,0.0,0.0
1043,Orbi_VP3,0.0,0.0
1044,Orbi_VP2,0.0,0.0
1045,Orbi_VP1,0.0,0.0
1046,Orbi_NS3,0.0,0.0
1047,Orbi_NS1,0.0,0.0
1048,PX,0.0,0.0
1049,PV_NSP1,0.0,0.0
1050,PRNT,0.0,0.0
1051,PRANC,0.0,0.0
1052,Paramyxo_PNT,0.0,0.0
1053,Paramyxo_NS_C,0.0,0.0
1054,Herpes_U5,0.0,0.0
1055,NUDIX,0.0,0.0
1056,Orthopox_A47,0.0,0.0
1057,Orthopox_A43R,0.0,0.0
1058,Kelch_6,0.0,0.0
1059,Kelch_5,0.0,0.0
1060,Kelch_4,0.0,0.0
1061,Kelch_3,0.0,0.0
1062,Kelch_2,0.0,0.0
1063,Kelch_1,0.0,0.0
1064,Herpes_UL14,0.0,0.0
1065,Herpes_UL1,0.0,0.0
1066,Herpes_U59,0.0,0.0
1067,Herpes_U55,0.0,0.0
1068,ParBc,0.0,0.0
