Feature,Importance
DNA_pol_viral_C,0.110301584
GP120,0.08298603
Flavi_glycop_C,0.024799451
HN,0.018633258
AATT,0.017192034
Flu_M1,0.015057878
RNA_helicase,0.013235601
DNA_pol_viral_N,0.01312132
AGCT,0.012619186
TT_ORF1,0.01232134
GGGA,0.011763049
Neur,0.011529698
AGGC,0.010120137
3Beta_HSD,0.008991964
HCV_NS4b,0.008926287
PPV_E1_DBD,0.008083686
Calici_coat,0.0066606756
Adeno_hexon,0.006436172
Flu_PA,0.0051158667
CoV_M,0.0046120556
Alpha_E1_glycop,0.0041182023
AATG,0.0038114525
Hepatitis_core,0.0037951553
Tenui_N,0.0033446522
Polyoma_coat,0.0028546993
HDV_ag,0.0027539243
Ebola_NP,0.002559789
Hemagglutinin,0.0024939273
Peptidase_C41,0.002288698
Fusion_gly,0.0018410472
Phlebo_G2_C,0.001835759
rve,0.0017368312
Parvo_coat,0.0015944489
TCAT,0.0014190786
Nairo_nucleo,0.0012492831
Hanta_G1,0.0010841001
Bunya_G1,0.0009171947
DUF3674,0.00091068435
TTAA,0.0008567581
TGTA,0.00072567264
Astro_capsid_N,0.00072191
Gag_p24_C,0.0007145322
Macro,0.0007000509
L_protein_N,0.00068841723
Rhabdo_ncap,0.00064134883
AACA,0.0006323622
Nairovirus_M,0.0005884191
Hanta_nucleocap,0.00058775285
ATGA,0.00050464214
Viral_Rep,0.00046004323
Rhv,0.0004555213
ACCC,0.00044601754
Arena_glycoprot,0.0004333171
TAAA,0.00039500924
Bunya_RdRp,0.00036845438
CoV_S2,0.0003659224
GATC,0.00034625322
Late_protein_L1,0.00033780112
CCCT,0.0003118175
GTAA,0.0002793417
Bunya_nucleocap,0.00027335726
GAGA,0.00027130955
ArenaCapSnatch,0.0002683708
ATCA,0.0002515474
GGGC,0.00024619623
Paramyxo_ncap,0.00023221658
Length,0.0002220996
BDV_G,0.00019855695
TATT,0.00017457151
RdRP_1,0.00016671377
TACG,0.00013836255
Phospholip_A2_4,0.000121435776
Gemini_AL1,0.00010871538
ACTG,0.00010569405
TT_ORF2,9.2135364e-05
CCTC,7.822856e-05
CACC,7.215572e-05
Rhabdo_glycop,7.018457e-05
ATTA,6.231429e-05
Late_protein_L2,5.8654372e-05
GTAG,5.844777e-05
CAAT,5.569769e-05
TTCT,5.199647e-05
AGTA,5.0235783e-05
TGAG,5.0198876e-05
TCCT,4.2032225e-05
Gyro_capsid,4.1578758e-05
Gag_p17,4.060202e-05
ATTG,3.8337774e-05
AAGT,3.6557336e-05
CACT,3.5669014e-05
AAAC,3.549774e-05
TGAC,3.3148677e-05
CGTG,3.171758e-05
AAAA,3.1418007e-05
CCAC,3.069895e-05
GGAA,2.962604e-05
CGAT,2.9479197e-05
CACG,2.7808499e-05
TCGT,2.6812926e-05
GCGC,2.559866e-05
GGCC,2.4952384e-05
TGTG,2.4497334e-05
GGTT,2.3511173e-05
CGCG,2.2973976e-05
CTTT,2.287429e-05
CGCT,2.2858361e-05
AGAC,2.2567125e-05
GCAA,2.0495507e-05
GTCA,1.9710718e-05
CCGG,1.9655934e-05
TGGG,1.9123974e-05
ATAC,1.8391187e-05
AAGG,1.8322786e-05
GCTA,1.8043704e-05
CATG,1.7441202e-05
PPV_E2_N,1.7195649e-05
ACGC,1.7031894e-05
AGGG,1.687466e-05
AAAG,1.6854454e-05
GGGG,1.6644697e-05
NSs,1.6391537e-05
ACGG,1.623076e-05
ACGT,1.6131824e-05
GACT,1.6120463e-05
CTCA,1.5602465e-05
CGTT,1.545817e-05
RNase_H,1.5333244e-05
GCTT,1.5219794e-05
CAAG,1.4919616e-05
ATGG,1.454036e-05
ATTT,1.4505713e-05
CTGT,1.4461915e-05
ACAC,1.3860434e-05
GGGT,1.38246905e-05
GC_Content,1.3194532e-05
AAAT,1.2728671e-05
GCGA,1.2612882e-05
GACG,1.2450527e-05
RVT_1,1.2386856e-05
AACG,1.21058565e-05
CCTG,1.2071501e-05
CTAA,1.1600283e-05
PPV_E2_C,1.1588672e-05
GGAC,1.1014661e-05
CTGA,1.0890173e-05
CGGG,1.0753502e-05
ATCG,1.070633e-05
GGTG,1.0527698e-05
CCTT,1.0387352e-05
TCAG,1.0361516e-05
CGAA,1.0102859e-05
CCCC,9.650694e-06
CTAT,9.492252e-06
FtsJ,9.411991e-06
Pneumo_matrix,9.242047e-06
TATA,9.173936e-06
TAGC,9.098799e-06
CGGA,8.922522e-06
TGCA,8.841376e-06
GACA,8.7903545e-06
CCTA,8.726804e-06
TTTG,8.705114e-06
ACAA,8.684936e-06
TGTT,8.6795435e-06
GGAG,8.554394e-06
CATC,8.476521e-06
AGCA,8.460737e-06
GTTT,8.214896e-06
AGGT,8.051704e-06
TCCG,8.02835e-06
AGAA,7.938574e-06
AGAT,7.88202e-06
CAGG,7.824032e-06
Flavi_DEAD,7.749188e-06
E6,7.621121e-06
ACCG,7.5518883e-06
AGGA,7.434397e-06
ATCC,7.3206484e-06
GGCG,7.2773537e-06
CCGT,7.1778054e-06
GGAT,7.144846e-06
GTGA,6.889195e-06
ACTT,6.876825e-06
AGAG,6.792227e-06
Metaviral_G,6.744056e-06
CATT,6.679565e-06
TCAC,6.631705e-06
TTTC,6.5507447e-06
TGGA,6.5113004e-06
CCCA,6.494425e-06
PPV_E1_C,6.34959e-06
AGCC,6.3488233e-06
ACTC,6.3482785e-06
GATG,6.247019e-06
AGCG,6.2127e-06
CTCT,6.117685e-06
TAAT,6.105296e-06
CAGT,6.026117e-06
CTAG,5.937807e-06
TCCA,5.8774394e-06
AGTC,5.810747e-06
GCAC,5.790683e-06
TGAT,5.701957e-06
GGTC,5.4223706e-06
GTCG,5.278804e-06
GCCT,5.2134246e-06
TAGG,5.1830075e-06
TACC,5.0350736e-06
CTCC,4.9773084e-06
CGTA,4.9526266e-06
ACAG,4.86125e-06
CTTC,4.7798017e-06
ACTA,4.71059e-06
ATGC,4.667203e-06
AATA,4.6367877e-06
GCTG,4.464984e-06
TGCT,4.4635076e-06
TTGA,4.361127e-06
TGCG,4.3491473e-06
CCAG,4.1803883e-06
CTTG,4.1488984e-06
GCAG,4.1240123e-06
CCAA,4.070556e-06
TTTT,4.0365367e-06
GTAC,4.021796e-06
CGCA,4.0054374e-06
CGCC,3.9640727e-06
GGCA,3.906139e-06
Hanta_G2,3.8653307e-06
CAGA,3.802877e-06
GATT,3.78015e-06
CGTC,3.74359e-06
TGGC,3.680992e-06
Viral_helicase1,3.6749595e-06
CCCG,3.6386245e-06
ATAA,3.5088547e-06
TCTT,3.4594023e-06
TTGT,3.443133e-06
TCAA,3.3785568e-06
TTGG,3.3537253e-06
AAGA,3.3490883e-06
GAGG,3.2814246e-06
ACCT,3.2709704e-06
CGGT,3.2696184e-06
GATA,3.208405e-06
TTCC,3.205766e-06
AACC,3.2034236e-06
CACA,3.166394e-06
TCGG,3.1648683e-06
TGGT,3.1413074e-06
GCCA,3.0807737e-06
TCTC,3.0415524e-06
CAAA,3.0403423e-06
ATTC,3.0396618e-06
GAGC,2.9994176e-06
TCGA,2.9647333e-06
GTCC,2.934415e-06
CAAC,2.9123541e-06
GTTG,2.9119542e-06
ACCA,2.9046105e-06
TGTC,2.8782097e-06
TGCC,2.8716233e-06
GCGT,2.8508998e-06
GCTC,2.8448053e-06
CTGG,2.7670378e-06
ACGA,2.7271622e-06
AACT,2.7145015e-06
GTAT,2.7078936e-06
TTTA,2.6873004e-06
GAGT,2.6168095e-06
TTAG,2.584729e-06
TATC,2.5689828e-06
Parvo_NS1,2.5307122e-06
GTCT,2.524997e-06
CCGA,2.476987e-06
TGAA,2.4311003e-06
AGTT,2.4261221e-06
TCGC,2.408572e-06
ACAT,2.4027718e-06
TCTG,2.3824437e-06
GCCC,2.378505e-06
TATG,2.3623506e-06
GAAG,2.3024186e-06
GTTA,2.275011e-06
TAAC,2.2732388e-06
TTAT,2.2185832e-06
TTCA,2.215676e-06
CATA,2.1905203e-06
AATC,2.188601e-06
TAAG,2.1481765e-06
Mononeg_mRNAcap,2.101132e-06
ATAG,2.0906057e-06
CTGC,2.0257446e-06
GAAC,2.0032792e-06
AAGC,1.94525e-06
GTGT,1.93994e-06
GTGG,1.8951911e-06
CGAC,1.8822747e-06
GGCT,1.8562534e-06
CAGC,1.8414376e-06
TTAC,1.8156304e-06
ATGT,1.815578e-06
CTTA,1.701462e-06
CTAC,1.6949975e-06
ATAT,1.6553315e-06
TACA,1.6425024e-06
TTCG,1.6035317e-06
GTGC,1.5809405e-06
GAAT,1.5764692e-06
TACT,1.546262e-06
AGTG,1.4533914e-06
CCAT,1.4252508e-06
GCAT,1.3989677e-06
TTGC,1.396028e-06
GTTC,1.3788742e-06
GCGG,1.377213e-06
GGTA,1.3649435e-06
GACC,1.35648e-06
GAAA,1.3281256e-06
Peptidase_C3,1.2311159e-06
TAGT,1.2154128e-06
TCCC,1.1960208e-06
CGGC,1.1830842e-06
ATCT,1.0892423e-06
CGAG,9.862238e-07
TCTA,9.742541e-07
GCCG,9.10731e-07
CCGC,7.731618e-07
TAGA,5.5544206e-07
CTCG,1.138194e-07
Herpes_TK,4.647441e-08
Flavi_NS5_thumb,3.068086e-08
Peptidase_C16,0.0
Peptidase_A24,0.0
Parecho_VpG,0.0
PX,0.0
Pap_E4,0.0
Paramyxo_P_V_N,0.0
Papilloma_E5A,0.0
Papo_T_antigen,0.0
ParBc,0.0
Paramyxo_PNT,0.0
Paramyxo_P,0.0
Paramyxo_NS_C,0.0
Paramyx_P_V_C,0.0
Peptidase_C24,0.0
Pkinase,0.0
Pneumo_M2,0.0
Pneumo_NS1,0.0
Pneumo_ncap,0.0
Pneumo_phosprot,0.0
Pneumovirus_M2,0.0
PolyG_pol,0.0
Polyoma_agno,0.0
Polyoma_coat2,0.0
PV_NSP1,0.0
Polysacc_synt_2,0.0
Pox_A11,0.0
Pox_A12,0.0
Pox_A14,0.0
Pox_A21,0.0
Pox_A22,0.0
Pox_A28,0.0
Pox_A30L_A26L,0.0
Pox_A31,0.0
Pox_A3L,0.0
Polyoma_lg_T_C,0.0
Peptidase_C27,0.0
Peptidase_C30,0.0
Peptidase_C37,0.0
Peptidase_C5,0.0
Peptidase_C57,0.0
Peptidase_C9,0.0
Peptidase_C92,0.0
Peptidase_M44,0.0
Peptidase_S21,0.0
Peptidase_S29,0.0
Picorna_P3A,0.0
Peptidase_S32,0.0
Peptidase_S7,0.0
Phage_glycop_gL,0.0
Phage_integrase,0.0
Phlebovirus_G1,0.0
Phlebovirus_G2,0.0
Phlebovirus_NSM,0.0
Pico_P1A,0.0
Pico_P2A,0.0
Pico_P2B,0.0
Peptidase_S3,0.0
Kelch_4,0.0
Kelch_5,0.0
Kelch_6,0.0
KilA-N,0.0
L1R_F9L,0.0
LacY_symp,0.0
LacZ_4,0.0
Lectin_C,0.0
M11L,0.0
MCPVI,0.0
Pox_A32,0.0
MFS_1_like,0.0
MHC_I,0.0
MLVIN_C,0.0
Marek_A,0.0
Matrix,0.0
Meis_PKNOX_N,0.0
Methyltrans_Mon,0.0
Mononeg_RNA_pol,0.0
Mx_ML,0.0
NAD_binding_10,0.0
MFS_1,0.0
IFNGR1,0.0
IL10,0.0
IL22,0.0
IL6,0.0
IL8,0.0
IN_DBD_C,0.0
IRF,0.0
IRF-3,0.0
ITAM_Cys-rich,0.0
Ig_2,0.0
Kelch_3,0.0
Integrase_H2C2,0.0
Integrase_Zn,0.0
K-cyclin_vir_C,0.0
K1,0.0
KRTAP,0.0
KSHV_K1,0.0
KSHV_K8,0.0
Kdo,0.0
Kelch_1,0.0
Kelch_2,0.0
Ig_3,0.0
Orthopox_A5L,0.0
Orthopox_B11R,0.0
Orthopox_C10L,0.0
Orthopox_F14,0.0
Orthopox_F6,0.0
Orthopox_F7,0.0
Orthopox_F8,0.0
Orthoreo_P10,0.0
Orthoreo_P17,0.0
P3A,0.0
NAD_binding_4,0.0
PDGF,0.0
PK_Tyr_Ser-Thr,0.0
PLDc,0.0
PLDc_2,0.0
PLDc_3,0.0
PPV_E1_N,0.0
PP_M1,0.0
PRANC,0.0
PRNT,0.0
PRTP,0.0
PARP_regulatory,0.0
NP1-WLL,0.0
NPH-II,0.0
NPHI_C,0.0
NPV_P10,0.0
NUDIX,0.0
OTU,0.0
Orbi_NS1,0.0
Orbi_NS3,0.0
Orbi_VP1,0.0
Orbi_VP2,0.0
Orthopox_A49R,0.0
Orbi_VP4,0.0
Orbi_VP5,0.0
Orbi_VP6,0.0
Orbi_VP7,0.0
Orn_Arg_deC_N,0.0
Orn_DAP_Arg_deC,0.0
Orthopox_35kD,0.0
Orthopox_A36R,0.0
Orthopox_A43R,0.0
Orthopox_A47,0.0
Orbi_VP3,0.0
Rubi_NSP_C,0.0
S1,0.0
SH3_11,0.0
SHP,0.0
SNF2-rel_dom,0.0
I-set,0.0
Sema,0.0
Serpin,0.0
Sigma_1_2,0.0
SoPB_HTH,0.0
SP2,0.0
Spuma_A9PTase,0.0
Stealth_CR3,0.0
Sushi,0.0
TFIIS_C,0.0
TK,0.0
TLV_coat,0.0
TNFR_c6,0.0
TT_ORF2a,0.0
T_Ag_DNA_bind,0.0
Tat,0.0
Tax,0.0
Soyouz_module,0.0
Rep_N,0.0
ResIII,0.0
Resolvase,0.0
Rhabdo_M2,0.0
Ribonuc_red_lgC,0.0
Ribonuc_red_lgN,0.0
Ribonuc_red_sm,0.0
Ribosomal_L6e,0.0
Ribosomal_S17e,0.0
RmlD_sub_bind,0.0
Rota_Capsid_VP6,0.0
Rubella_E2,0.0
Rota_NS35,0.0
Rota_NS53,0.0
Rota_NSP3,0.0
Rota_NSP4,0.0
Rota_VP2,0.0
Rota_VP4_MID,0.0
Rotavirus_VP1,0.0
Rotavirus_VP3,0.0
Rotavirus_VP7,0.0
Rubella_Capsid,0.0
Rubella_E1,0.0
Rota_NS26,0.0
US2,0.0
US30,0.0
US6,0.0
V-set,0.0
V-set_CD47,0.0
VD10_N,0.0
VP3-like,0.0
VP40,0.0
VP4_haemagglut,0.0
VP4_helical,0.0
Tegument_dsDNA,0.0
VPR,0.0
Vac_Fusion,0.0
Vesiculo_matrix,0.0
Vif,0.0
VirDNA-topo-I_N,0.0
Viral_DNA_Zn_bi,0.0
Viral_DNA_bi,0.0
Viral_DNA_bp,0.0
Viral_alk_exo,0.0
Vmethyltransf,0.0
Vpu,0.0
VP7,0.0
Thymidylat_synt,0.0
Thymidylate_kin,0.0
Topoisom_I,0.0
Transcript_VP30,0.0
Trypsin_2,0.0
U62_UL91,0.0
U71,0.0
U79_P34,0.0
U83,0.0
UDG,0.0
UL141,0.0
US10,0.0
UL17,0.0
UL2,0.0
UL20,0.0
UL21a,0.0
UL40,0.0
bCoV_S1_N,0.0
UL41A,0.0
UL42,0.0
UL45,0.0
UL97,0.0
UN_NPL4,0.0
UL16,0.0
Pox_G7,0.0
Pox_G9-A16,0.0
Pox_H7,0.0
Pox_I1,0.0
Pox_I3,0.0
Pox_I5,0.0
Pox_I6,0.0
Pox_J1,0.0
Pox_L3_FP4,0.0
Pox_L5,0.0
Rep_3,0.0
Pox_M2,0.0
Pox_MCEL,0.0
Pox_P21,0.0
Pox_P35,0.0
Pox_P4A,0.0
Pox_P4B,0.0
Pox_RNA_Pol_19,0.0
Pox_RNA_Pol_22,0.0
Pox_RNA_pol,0.0
Pox_RNA_pol_35,0.0
Pox_Rap94,0.0
Pox_LP_H2,0.0
Pox_A51,0.0
Pox_A6,0.0
Pox_A8,0.0
Pox_A9,0.0
Pox_ATPase-GT,0.0
Pox_A_type_inc,0.0
Pox_Ag35,0.0
Pox_B6,0.0
Pox_C4_C10,0.0
Pox_C7_F8A,0.0
Pox_D2,0.0
Pox_G5,0.0
Pox_D5,0.0
Pox_E10,0.0
Pox_E2-like,0.0
Pox_E6,0.0
Pox_E8,0.0
Pox_EPC_I2-L1,0.0
Pox_F11,0.0
Pox_F12L,0.0
Pox_F15,0.0
Pox_F16,0.0
Pox_F17,0.0
Pox_D3,0.0
RNA_pol_Rpb1_1,0.0
RNA_pol_Rpb1_2,0.0
RNA_pol_Rpb1_3,0.0
RNA_pol_Rpb1_4,0.0
RNA_pol_Rpb1_5,0.0
RNA_pol_Rpb2_3,0.0
RNA_pol_Rpb2_6,0.0
RNA_pol_Rpb2_7,0.0
RSV_NS2,0.0
RT_RNaseH,0.0
RT_RNaseH_2,0.0
Pox_Rif,0.0
RVT_connect,0.0
RVT_thumb,0.0
RdRP_2,0.0
RdRP_3,0.0
RdRP_4,0.0
RdRP_5,0.0
Reo_sigma1,0.0
Reovirus_L2,0.0
Reovirus_M2,0.0
Reovirus_Mu2,0.0
Reovirus_cap,0.0
RVP,0.0
Pox_T4_C,0.0
Pox_T4_N,0.0
Pox_TAA1,0.0
Pox_TAP,0.0
Pox_VERT_large,0.0
Pox_VLTF3,0.0
Pox_VP8_L4R,0.0
Pox_int_trans,0.0
Pox_mRNA-cap,0.0
Pox_polyA_pol,0.0
Pox_polyA_pol_C,0.0
RNA_ligase,0.0
Pox_ser-thr_kin,0.0
Pox_vIL-18BP,0.0
Poxv_Bcl-2-like,0.0
Poxvirus_B22R,0.0
Poxvirus_B22R_C,0.0
Poxvirus_B22R_N,0.0
Profilin,0.0
REV,0.0
RINGv,0.0
RL11D,0.0
RNA_capsid,0.0
Pox_polyA_pol_N,0.0
Carb_anhydrase,0.0
CbiA,0.0
Chordopox_A13L,0.0
Chordopox_A15,0.0
Chordopox_A20R,0.0
Chordopox_A30L,0.0
Chordopox_A33R,0.0
Chordopox_A35R,0.0
Chordopox_E11,0.0
Chordopox_G2,0.0
Chordopox_G3,0.0
Glyco_hydro_2,0.0
Chordopox_RPO7,0.0
Circo_capsid,0.0
CoV_E,0.0
CoV_ExoN,0.0
CoV_Methyltr_2,0.0
CoV_NSP10,0.0
CoV_NSP15_C,0.0
CoV_NSP15_M,0.0
CoV_NSP15_N,0.0
CoV_NSP2_C,0.0
CoV_NSP2_N,0.0
CoV_NSP3_C,0.0
Chordopox_L2,0.0
BDV_P24,0.0
BDV_P40,0.0
BEN,0.0
BTB,0.0
BTV_NS2,0.0
Baculo_gp64,0.0
Baculo_p26,0.0
Bax1-I,0.0
Bcl-2,0.0
Beta-lactamase,0.0
Beta-lactamase2,0.0
Calici_coat_C,0.0
Bgal_small_N,0.0
Bunya_G2,0.0
C1-set,0.0
CAT,0.0
CD47,0.0
CM1,0.0
CM2,0.0
CMV_US,0.0
CNV-Replicase_N,0.0
CSD,0.0
Calici_MSP,0.0
Calici_PP_N,0.0
Beta_helix,0.0
DED,0.0
DHFR_1,0.0
DNAP_B_exo_N,0.0
DNAPolymera_Pol,0.0
DNA_ligase_A_C,0.0
DNA_ligase_A_M,0.0
DNA_ligase_A_N,0.0
DNA_pack_C,0.0
DNA_pack_N,0.0
DNA_pol_B,0.0
DNA_pol_B_2,0.0
CoV_NSP4_C,0.0
DNA_pol_B_exo1,0.0
DPRP,0.0
DSPc,0.0
DUF1029,0.0
DUF1231,0.0
DUF1235,0.0
DUF1314,0.0
DUF1406,0.0
DUF1664,0.0
DUF2664,0.0
DUF2677,0.0
DUF3640,0.0
DNA_pol_B_3,0.0
CoV_NSP4_N,0.0
CoV_NSP6,0.0
CoV_NSP7,0.0
CoV_NSP8,0.0
CoV_NSP9,0.0
CoV_RPol_N,0.0
CoV_S1,0.0
CoV_S1_C,0.0
CoV_S2_C,0.0
CoV_nucleocap,0.0
CoV_peptidase,0.0
DDE_Tnp_Tn3,0.0
Corona_6B_7B,0.0
Corona_NS12-7,0.0
Corona_NS2A,0.0
Corona_NS3b,0.0
Corona_NS4,0.0
Cyclin_N,0.0
Cytomega_TRL10,0.0
Cytomega_UL20A,0.0
Cytomega_UL84,0.0
Cytomega_US3,0.0
Cytomega_gL,0.0
D5_N,0.0
Corona_3,0.0
zf-CCHC_5,0.0
zf-FCS,0.0
zf-H2C2,0.0
zf-H3C2,0.0
zf-Paramyx-P,0.0
zf-RING_2,0.0
US22,0.0
14-3-3,0.0
7tm_1,0.0
A2L_zn_ribbon,0.0
AAA_11,0.0
BDV_P10,0.0
AAA_30,0.0
AAA_31,0.0
AIRS_C,0.0
APH,0.0
ATP-cone,0.0
Abhydrolase_1,0.0
Abhydrolase_11,0.0
Abhydrolase_6,0.0
Acetyltransf_1,0.0
Acetyltransf_7,0.0
Adeno_100,0.0
Adeno_52K,0.0
AAA_12,0.0
zf-RING_UBOX,0.0
Y_phosphatase,0.0
bCoV_NAB,0.0
bCoV_NS6,0.0
bCoV_NS7A,0.0
bCoV_NS8,0.0
bCoV_NSP1,0.0
bCoV_NSP3_N,0.0
X,0.0
bCoV_S1_RBD,0.0
bCoV_SUD_C,0.0
zf-CCHC,0.0
bCoV_viroporin,0.0
dNK,0.0
dUTPase,0.0
dsrm,0.0
gpUL132,0.0
ig,0.0
rpo132,0.0
rpo30_N,0.0
vMSA,0.0
z-alpha,0.0
zf-C3HC4,0.0
zf-C3HC4_2,0.0
bCoV_SUD_M,0.0
AlbA_2,0.0
Alpha_E2_glycop,0.0
Alpha_E3_glycop,0.0
Alpha_TIF,0.0
An_peroxidase,0.0
Ank,0.0
Ank_2,0.0
Ank_3,0.0
Ank_4,0.0
Ank_5,0.0
Arena_RNA_pol,0.0
Adeno_E1A,0.0
Arena_nucleocap,0.0
Astro_1A,0.0
Astro_VPg,0.0
Astro_capsid_p,0.0
Astro_p19,0.0
Astrovir_pp_1,0.0
Av_adeno_fibre,0.0
B-CoV_A_NSP1,0.0
B3R,0.0
BACK,0.0
BALF1,0.0
BDV_M,0.0
Arena_ncap_C,0.0
Adeno_E1B_19K,0.0
Adeno_E1B_55K,0.0
Adeno_E1B_55K_N,0.0
Adeno_E3,0.0
Adeno_E3A,0.0
Adeno_E3B,0.0
Adeno_E3_14_5,0.0
Adeno_E3_15_3,0.0
Adeno_E3_CR1,0.0
Adeno_E3_CR2,0.0
Adeno_E4,0.0
Adeno_E4_34,0.0
Adeno_terminal,0.0
Adeno_GP19K,0.0
Adeno_IVa2,0.0
Adeno_L433K_22K,0.0
Adeno_PIX,0.0
Adeno_PV,0.0
Adeno_PVIII,0.0
Adeno_PX,0.0
Adeno_Penton_B,0.0
Adeno_VII,0.0
Adeno_hexon_C,0.0
Adeno_knob,0.0
Adeno_shaft,0.0
Adeno_E4_ORF3,0.0
Herpes_LMP2,0.0
Herpes_LP,0.0
Herpes_MCP,0.0
Herpes_ORF11,0.0
Herpes_PAP,0.0
Herpes_TAF50,0.0
Herpes_TK_C,0.0
Herpes_U15,0.0
Herpes_U26,0.0
Herpes_U30,0.0
Herpes_U34,0.0
DUF3724,0.0
Herpes_U47,0.0
Herpes_U5,0.0
Herpes_U55,0.0
Herpes_U59,0.0
Herpes_UL1,0.0
Herpes_UL14,0.0
Herpes_UL16,0.0
Herpes_UL17,0.0
Herpes_UL20,0.0
Herpes_UL21,0.0
Herpes_UL24,0.0
Herpes_UL25,0.0
Herpes_U44,0.0
HHV-1_VABD,0.0
HHV-5_US34A,0.0
HHV6-IE,0.0
HSV_VP16_C,0.0
HV_small_capsid,0.0
Helicase_C,0.0
Hema_HEFG,0.0
Hema_esterase,0.0
Hema_stalk,0.0
Hep_core_N,0.0
Herpes_BBRF1,0.0
Herpes_LMP1,0.0
Herpes_BLRF2,0.0
Herpes_BMRF2,0.0
Herpes_BTRF1,0.0
Herpes_DNAp_acc,0.0
Herpes_HEPA,0.0
Herpes_Helicase,0.0
Herpes_ICP4_C,0.0
Herpes_ICP4_N,0.0
Herpes_IE1,0.0
Herpes_IE2_3,0.0
Herpes_IE68,0.0
Herpes_LAMP2,0.0
Herpes_BLLF1,0.0
Herpes_UL87,0.0
Herpes_UL92,0.0
Herpes_UL95,0.0
Herpes_US12,0.0
Herpes_US9,0.0
Herpes_V23,0.0
Herpes_VP19C,0.0
Herpes_capsid,0.0
Herpes_env,0.0
Herpes_gE,0.0
Herpes_gE_N,0.0
Herpes_UL3,0.0
Herpes_glycoH_C,0.0
Herpes_glycop,0.0
Herpes_glycop_D,0.0
Herpes_glycop_H,0.0
Herpes_heli_pri,0.0
Herpes_ori_bp,0.0
Herpes_pp85,0.0
Herpes_teg_N,0.0
Herpesvir_UL11,0.0
Hex_IIIa,0.0
Hum_adeno_E3A,0.0
Hydrolase_4,0.0
Herpes_gI,0.0
Herpes_UL31,0.0
Herpes_UL32,0.0
Herpes_UL33,0.0
Herpes_UL35,0.0
Herpes_UL36,0.0
Herpes_UL37_1,0.0
Herpes_UL37_2,0.0
Herpes_UL4,0.0
Herpes_UL42,0.0
Herpes_UL43,0.0
Herpes_UL46,0.0
Herpes_UL82_83,0.0
Herpes_UL49_1,0.0
Herpes_UL49_2,0.0
Herpes_UL51,0.0
Herpes_UL52,0.0
Herpes_UL55,0.0
Herpes_UL56,0.0
Herpes_UL6,0.0
Herpes_UL69,0.0
Herpes_UL7,0.0
Herpes_UL73,0.0
Herpes_UL74,0.0
Herpes_UL79,0.0
Herpes_UL47,0.0
Esterase,0.0
F-protein,0.0
Filo_VP24,0.0
Filo_VP35,0.0
Filo_glycop,0.0
Flavi_M,0.0
Flavi_NS1,0.0
Flavi_NS2A,0.0
Flavi_NS2B,0.0
Flavi_NS4A,0.0
Flavi_NS4B,0.0
HERV-K_env_2,0.0
Flavi_capsid,0.0
Flavi_glycoprot,0.0
Flavi_propep,0.0
Flu_B_M2,0.0
Flu_B_NS1,0.0
Flu_C_NS1,0.0
Flu_C_NS2,0.0
Flu_M1_C,0.0
Flu_M2,0.0
Flu_NP,0.0
Flu_NS1,0.0
Flu_NS2,0.0
Flavi_NS5,0.0
DUF3729,0.0
DUF3746,0.0
DUF3770,0.0
DUF4158,0.0
DUF4573,0.0
DUF5132,0.0
DUF5438,0.0
DUF5441,0.0
DUF5472,0.0
DUF5500,0.0
DUF570,0.0
Epimerase,0.0
DUF5906,0.0
DUF678,0.0
DUF717,0.0
DUF755,0.0
DUF832,0.0
DUF848,0.0
DUF865,0.0
DnaJ,0.0
E7,0.0
E7R,0.0
EBV-NA1,0.0
EBV-NA3,0.0
DUF587,0.0
Glutaredoxin,0.0
GlyL_C,0.0
Glyco_hydro_2_C,0.0
Glyco_hydro_2_N,0.0
Glyco_transf_29,0.0
Glycoprot_B_PH1,0.0
Glycoprot_B_PH2,0.0
Glycoprotein_B,0.0
Glycoprotein_G,0.0
Gp_UL130,0.0
Guanylate_kin,0.0
Flu_PB1,0.0
HCMV_UL124,0.0
HCMVantigenic_N,0.0
HCV_NS1,0.0
HCV_NS2,0.0
HCV_NS4a,0.0
HCV_NS5a,0.0
HCV_NS5a_1a,0.0
HCV_NS5a_1b,0.0
HCV_NS5a_C,0.0
HCV_capsid,0.0
HCV_core,0.0
HCV_env,0.0
HAV_VP,0.0
Flu_PB2,0.0
Foamy_BEL,0.0
Foamy_virus_ENV,0.0
Fusion_gly_K,0.0
G-7-MTase,0.0
G-patch,0.0
GAGE,0.0
GATase_5,0.0
GBR_NSP5,0.0
GBV-C_env,0.0
GDP_Man_Dehyd,0.0
GFP,0.0
Glrx-like,0.0
GSHPx,0.0
Gag_MA,0.0
Gag_p10,0.0
Gag_p12,0.0
Gag_p19,0.0
Gag_p24,0.0
Gag_p30,0.0
Gag_p6,0.0
Gag_spuma,0.0
Gasdermin_C,0.0
Gemini_AL1_M,0.0
Gene66,0.0
GP41,0.0
