ID	Genus	Location	Host	Protein	Study	Patient
WZD63994.1	Alphatorquevirus	Brazil	Homo sapiens	ORF1 protein	NCBI	NCBI
XCH55836.1	Alphatorquevirus	Switzerland	Homo sapiens	ORF1 protein	NCBI	NCBI
XOL08602.1	Alphatorquevirus	China	Homo sapiens	ORF1 protein	NCBI	NCBI
XBU06473.1	Alphatorquevirus	Switzerland	Homo sapiens	ORF1 protein	NCBI	NCBI
XCH55660.1	Alphatorquevirus	Switzerland	Homo sapiens	ORF1 protein	NCBI	NCBI
XLW52066.1	Alphatorquevirus	China	Homo sapiens	ORF1 protein	NCBI	NCBI
WZD64131.1	Alphatorquevirus	Brazil	Homo sapiens	ORF1 protein	NCBI	NCBI
XCH55696.1	Alphatorquevirus	Switzerland	Homo sapiens	ORF1 protein	NCBI	NCBI
XPB74980.1	Alphatorquevirus	China	Homo sapiens	ORF1 protein	NCBI	NCBI
XOL08576.1	Alphatorquevirus	China	Homo sapiens	ORF1 protein	NCBI	NCBI
XOL08596.1	Alphatorquevirus	China	Homo sapiens	ORF1 protein	NCBI	NCBI
XCH55584.1	Alphatorquevirus	Switzerland	Homo sapiens	ORF1 protein	NCBI	NCBI
WZD64032.1	Alphatorquevirus	Brazil	Homo sapiens	ORF1 protein	NCBI	NCBI
XCH55738.1	Alphatorquevirus	Switzerland	Homo sapiens	ORF1 protein	NCBI	NCBI
XBU06353.1	Alphatorquevirus	Switzerland	Homo sapiens	ORF1 protein	NCBI	NCBI
XPB75011.1	Alphatorquevirus	China	Homo sapiens	ORF1 protein	NCBI	NCBI
XCH55830.1	Alphatorquevirus	Switzerland	Homo sapiens	ORF1 protein	NCBI	NCBI
XLW52131.1	Alphatorquevirus	China	Homo sapiens	ORF1 protein	NCBI	NCBI
XCH55799.1	Alphatorquevirus	Switzerland	Homo sapiens	ORF1 protein	NCBI	NCBI
XBU06465.1	Alphatorquevirus	Switzerland	Homo sapiens	ORF1 protein	NCBI	NCBI
XBU06687.1	Betatorquevirus	Switzerland	Homo sapiens	ORF1 protein	NCBI	NCBI
XOL08494.1	Betatorquevirus	China	Homo sapiens	ORF1 protein	NCBI	NCBI
XCH55890.1	Betatorquevirus	Switzerland	Homo sapiens	ORF1 protein	NCBI	NCBI
XCH55882.1	Betatorquevirus	Switzerland	Homo sapiens	ORF1 protein	NCBI	NCBI
WZM84531.1	Betatorquevirus	Russia	Homo sapiens	ORF1 protein	NCBI	NCBI
XWX51498.1	Betatorquevirus	Switzerland	Homo sapiens	ORF1 protein	NCBI	NCBI
XBU06718.1	Betatorquevirus	Switzerland	Homo sapiens	ORF1 protein	NCBI	NCBI
XBU06691.1	Betatorquevirus	Switzerland	Homo sapiens	ORF1 protein	NCBI	NCBI
XCH55928.1	Betatorquevirus	Switzerland	Homo sapiens	ORF1 protein	NCBI	NCBI
XBU06705.1	Betatorquevirus	Switzerland	Homo sapiens	ORF1 protein	NCBI	NCBI
XBU06732.1	Betatorquevirus	Switzerland	Homo sapiens	ORF1 protein	NCBI	NCBI
XBU06688.1	Betatorquevirus	Switzerland	Homo sapiens	ORF1 protein	NCBI	NCBI
XOL08460.1	Betatorquevirus	China	Homo sapiens	ORF1 protein	NCBI	NCBI
XWX51497.1	Betatorquevirus	Switzerland	Homo sapiens	ORF1 protein	NCBI	NCBI
XOL08485.1	Betatorquevirus	China	Homo sapiens	ORF1 protein	NCBI	NCBI
XBU06736.1	Betatorquevirus	Switzerland	Homo sapiens	ORF1 protein	NCBI	NCBI
XCH55915.1	Betatorquevirus	Switzerland	Homo sapiens	ORF1 protein	NCBI	NCBI
XCH55894.1	Betatorquevirus	Switzerland	Homo sapiens	ORF1 protein	NCBI	NCBI
XCH55889.1	Betatorquevirus	Switzerland	Homo sapiens	ORF1 protein	NCBI	NCBI
XBU06731.1	Betatorquevirus	Switzerland	Homo sapiens	ORF1 protein	NCBI	NCBI
XWX51511.1	Gammatorquevirus	Switzerland	Homo sapiens	ORF1 protein	NCBI	NCBI
XOL08660.1	Gammatorquevirus	China	Homo sapiens	ORF1 protein	NCBI	NCBI
XCH55949.1	Gammatorquevirus	Switzerland	Homo sapiens	ORF1 protein	NCBI	NCBI
XLW52028.1	Gammatorquevirus	China	Homo sapiens	ORF1 protein	NCBI	NCBI
XCH55945.1	Gammatorquevirus	Switzerland	Homo sapiens	ORF1 protein	NCBI	NCBI
XWX51510.1	Gammatorquevirus	Switzerland	Homo sapiens	ORF1 protein	NCBI	NCBI
XOL08625.1	Gammatorquevirus	China	Homo sapiens	ORF1 protein	NCBI	NCBI
XOL08628.1	Gammatorquevirus	China	Homo sapiens	ORF1 protein	NCBI	NCBI
XOL08632.1	Gammatorquevirus	China	Homo sapiens	ORF1 protein	NCBI	NCBI
XOL08630.1	Gammatorquevirus	China	Homo sapiens	ORF1 protein	NCBI	NCBI
XOL08631.1	Gammatorquevirus	China	Homo sapiens	ORF1 protein	NCBI	NCBI
XOL08649.1	Gammatorquevirus	China	Homo sapiens	ORF1 protein	NCBI	NCBI
XCH55951.1	Gammatorquevirus	Switzerland	Homo sapiens	ORF1 protein	NCBI	NCBI
XCH55950.1	Gammatorquevirus	Switzerland	Homo sapiens	ORF1 protein	NCBI	NCBI
XOL08663.1	Gammatorquevirus	China	Homo sapiens	ORF1 protein	NCBI	NCBI
XLW52061.1	Gammatorquevirus	China	Homo sapiens	ORF1 protein	NCBI	NCBI
XCH55936.1	Gammatorquevirus	Switzerland	Homo sapiens	ORF1 protein	NCBI	NCBI
XLW52048.1	Gammatorquevirus	China	Homo sapiens	ORF1 protein	NCBI	NCBI
XLW51943.1	Gammatorquevirus	China	Homo sapiens	ORF1 protein	NCBI	NCBI
XOL08645.1	Gammatorquevirus	China	Homo sapiens	ORF1 protein	NCBI	NCBI
NODE_35_length_3010					DarkMatter	NF16
NODE_54_length_2708					DarkMatter	NF16
NODE_3_length_3165					DarkMatter	NF14
NODE_2_length_3154					DarkMatter	NF13
NODE_3_length_3072					DarkMatter	NF13
NODE_4_length_3018					DarkMatter	NF13
NODE_5_length_2995					DarkMatter	NF13
NODE_6_length_2946					DarkMatter	NF13
NODE_7_length_2888					DarkMatter	NF13
NODE_8_length_2876					DarkMatter	NF13
NODE_9_length_2871					DarkMatter	NF13
NODE_10_length_2868					DarkMatter	NF13
NODE_12_length_2700					DarkMatter	NF13
NODE_13_length_2663					DarkMatter	NF13
NODE_14_length_2641					DarkMatter	NF13
NODE_16_length_2608					DarkMatter	NF13
NODE_24_length_2320					DarkMatter	NF13
NODE_26_length_1971					DarkMatter	NF13
NODE_28_length_1824					DarkMatter	NF13
NODE_34_length_1329					DarkMatter	NF13
NODE_35_length_1285					DarkMatter	NF13
NODE_39_length_1185					DarkMatter	NF13
NODE_46_length_907					DarkMatter	NF13
NODE_50_length_883					DarkMatter	NF13
NODE_63_length_722					DarkMatter	NF13
NODE_90_length_539					DarkMatter	NF13
NODE_95_length_528					DarkMatter	NF13
NODE_4_length_1858					DarkMatter	NF11
NODE_37_length_2455					DarkMatter	NF8
NODE_492_length_999					DarkMatter	NF8
NODE_1572_length_642					DarkMatter	NF8
NODE_47_length_2229					DarkMatter	NF8
NODE_6_length_1496					DarkMatter	NF4
NODE_1_length_1847					DarkMatter	NF3
NODE_6_length_2033					DarkMatter	NF1
NODE_8_length_1799					DarkMatter	NF1
NODE_18_length_1277					DarkMatter	NF1
NODE_54_length_951					DarkMatter	NF1
NODE_2_length_2432					DarkMatter	NF1
NODE_86_length_785					DarkMatter	NF1
NODE_260_length_581					DarkMatter	NF1
NODE_198_length_636					DarkMatter	NF1
NODE_286_length_569					DarkMatter	NF1
NODE_342_length_534					DarkMatter	NF1
XPU79265.1	Hetorquevirus	Switzerland	Homo sapiens	ORF1 protein	NCBI	NCBI
XPU79266.1	Hetorquevirus	Switzerland	Homo sapiens	ORF1 protein	NCBI	NCBI
XBC19350.1	Samektorquevirus	Peru	Homo sapiens	ORF1 protein	NCBI	NCBI
XBC19352.1	Memtorquevirus	Peru	Homo sapiens	ORF1 protein	NCBI	NCBI
XBC19354.1	Lamedtorquevirus	Peru	Homo sapiens	ORF1 protein	NCBI	NCBI
XBC19356.1	Samektorquevirus	Peru	Homo sapiens	ORF1 protein	NCBI	NCBI
XBC19358.1	Samektorquevirus	Peru	Homo sapiens	ORF1 protein	NCBI	NCBI
XBC19360.1	Samektorquevirus	Peru	Homo sapiens	ORF1 protein	NCBI	NCBI
XBC19362.1	Memtorquevirus	Peru	Homo sapiens	ORF1 protein	NCBI	NCBI
UHK03655.1	Memtorquevirus	Tanzania	Homo sapiens	ORF1 protein	NCBI	NCBI
UHK03660.1	Samektorquevirus	Tanzania	Homo sapiens	ORF1 protein	NCBI	NCBI
UHK03667.1	Memtorquevirus	Tanzania	Homo sapiens	ORF1 protein	NCBI	NCBI
UHK03683.1	Samektorquevirus	Tanzania	Homo sapiens	ORF1 protein	NCBI	NCBI
UHK03686.1	Samektorquevirus	Tanzania	Homo sapiens	ORF1 protein	NCBI	NCBI
UHK03715.1	Lamedtorquevirus	Tanzania	Homo sapiens	ORF1 protein	NCBI	NCBI
UHK03802.1	Memtorquevirus	Tanzania	Homo sapiens	ORF1 protein	NCBI	NCBI
UHK04846.1	Samektorquevirus	Tanzania	Homo sapiens	ORF1 protein	NCBI	NCBI
UGV33909.1	Hetorquevirus	Tanzania	Homo sapiens	ORF1 protein	NCBI	NCBI
UGV34036.1	Hetorquevirus	Tanzania	Homo sapiens	ORF1 protein	NCBI	NCBI
UGV34045.1	Hetorquevirus	Tanzania	Homo sapiens	ORF1 protein	NCBI	NCBI
UGV34325.1	Hetorquevirus	Tanzania	Homo sapiens	ORF1 protein	NCBI	NCBI
UGV34706.1	Hetorquevirus	Tanzania	Homo sapiens	ORF1 protein	NCBI	NCBI
UGV34987.1	Hetorquevirus	Tanzania	Homo sapiens	ORF1 protein	NCBI	NCBI
UGV35074.1	Hetorquevirus	Tanzania	Homo sapiens	ORF1 protein	NCBI	NCBI
UGV36077.1	Hetorquevirus	Tanzania	Homo sapiens	ORF1 protein	NCBI	NCBI
QDA34222.1	Hetorquevirus	Viet Nam	Homo sapiens	ORF1 protein	NCBI	NCBI